Company,Year,URL,screenshot,email_text
Halifax,2008,https://www.halifax-online.co.uk/_mem_bin/formslogin.asp,halifax_0.png,"Dear Evan Dalton,

Thank you for your purchase! Access your Halifax account to view your receipt.

Thank you,
Halifax Customer Service"
Halifax,2008,https://www.halifax-online.co.uk/_mem_bin/formslogin.asp,halifax_1.png,"Dear Kimberly Myers,

We require you to update your login credentials. Use the link provided below to proceed.

Sincerely,
Halifax Support"
Halifax,2008,https://www.halifax-online.co.uk/_mem_bin/formslogin.asp,halifax_2.png,"Dear Rebecca Mills,

A request to update your email address was received for your Halifax account. Was this you?

Thank you,
Halifax Customer Service

Help & Contact: support@Halifax.com
Security Apps: Download our latest app
Hash: 362155"
Halifax,2008,https://www.halifax-online.co.uk/_mem_bin/formslogin.asp,halifax_3.png,"Dear Jackson Singh,

Your transaction was processed successfully. Log in to your account for more information.

Best regards,
Halifax Security Team"
Halifax,2008,https://www.halifax-online.co.uk/_mem_bin/formslogin.asp,halifax_5.png,"Dear Victoria Miles,

Your monthly invoice from Halifax is ready. Review it in your account portal.

Sincerely,
Halifax Support"
Halifax,2008,https://www.halifax-online.co.uk/_mem_bin/formslogin.asp,halifax_7.png,"Dear Larry Stephens,<br><br>Your Halifax account was accessed from an unknown location. Please confirm your identity to continue.<br><br>Sincerely,<br>Halifax Support"
Halifax,2009,https://www.halifax-online.co.uk/_mem_bin/formslogin.asp,halifax_12.png,"Dear Samuel Riley,

A payment was processed via Halifax at [random location]. Log in to check your account activity.

Thank you,
Halifax Customer Service"
Halifax,2009,https://www.halifax-online.co.uk/_mem_bin/formslogin.asp,halifax_24.png,"Dear Customer,

Your invoice for this month is available in your Halifax account. Log in to review it.

Best regards,
Halifax Security Team"
Halifax,2010,https://www.halifax-online.co.uk/_mem_bin/formslogin.asp,halifax_30.png,"Dear Customer,

We suspect unauthorized access to your Halifax account. Take steps now to secure it.

Best regards,
Halifax Security Team"
Halifax,2010,https://www.halifax-online.co.uk/_mem_bin/formslogin.asp,halifax_33.png,"Dear Ross Park,

Your new Girocard has been issued and will arrive shortly. Please activate it upon receipt.

Best regards,
Halifax Security Team"
Egg,2007,http://your.egg.com:80/customer/yourmoney.aspx,halifax_36.png,"Dear Leslie Fitzpatrick,

Someone attempted to sign into your Egg account. If you recognize this, you can ignore this message. Otherwise, secure your account immediately.

Thank you,
Egg Customer Service

Help & Contact: support@Egg.com
Security Apps: Download our latest app
Hash: 264406"
Egg,2007,http://your.egg.com:80/customer/yourmoney.aspx,halifax_37.png,"Dear Scott Green,

We’re performing scheduled maintenance on Egg services. Update your account details if necessary.

Sincerely,
Egg Support"
Egg,2010,http://your.egg.com:80/customer/yourmoney.aspx,halifax_49.png,"Dear Zachary Brooks,<br><br>A new device logged into your Egg account. Check your activity log to confirm.<br><br>Best regards,<br>Egg Security Team"
LLoyds,2005,https://online.lloydstsb.co.uk/customer.ibc,lloyds_0.png,"Dear Mike Krause,

Your Lloyds account was accessed from an unknown location. Please confirm your identity to continue.

Thank you,
Lloyds Customer Service"
LLoyds,2006,https://online.lloydstsb.co.uk/customer.ibc,lloyds_1.png,"Dear Natalie Mcdonald,

Unusual activity was detected on your Lloyds account. Kindly sign in to check your latest transactions.

Thank you,
Lloyds Customer Service"
LLoyds,2006,https://online.lloydstsb.co.uk/customer.ibc,lloyds_2.png,"Dear Matthew Davis,

We require you to update your login credentials. Use the link provided below to proceed.

Best regards,
Lloyds Security Team"
LLoyds,2007,https://online.lloydstsb.co.uk/customer.ibc,lloyds_3.png,"Dear Customer,

A password reset request was made for your Lloyds account. If this was you, click below to reset your password.

Thank you,
Lloyds Customer Service"
LLoyds,2011,https://online.lloydstsb.co.uk/customer.ibc?WT.ac=hpIBlogon,lloyds_4.png,"Dear Kristi Johnson,

We’ve noticed a large withdrawal from your account. Contact us immediately if this wasn’t you.

Thank you,
Lloyds Customer Service"
LLoyds,2011,https://online.lloydstsb.co.uk/customer.ibc?WT.ac=IBPLO0809,lloyds_5.png,"Dear Customer,

There’s a query regarding your recent transaction. Contact our support team for clarification.

Best regards,
Lloyds Security Team"
Hsbc,2007,http://www.hsbc.co.uk/1/2/HSBCINTEGRATION/CAM10?IDV_URL=hsbc.MyHSBC_pib,hsbc_0.png,"Dear Customer,

Check your latest transactions to view your current Hsbc account balance.

Sincerely,
Hsbc Support"
Hsbc,2007,http://www.hsbc.co.uk/1/2/HSBCINTEGRATION/CAM10?IDV_URL=hsbc.MyHSBC_pib,hsbc_2.png,"Dear Colin Williams,<br><br>There’s a query regarding your recent transaction. Contact our support team for clarification.<br><br>Best regards,<br>Hsbc Security Team"
Hsbc,2007,http://www.hsbc.co.uk/1/2/HSBCINTEGRATION/CAM10?IDV_URL=hsbc.MyHSBC_pib,hsbc_3.png,"Dear Customer,

We suspect unauthorized access to your Hsbc account. Take steps now to secure it.

Best regards,
Hsbc Security Team"
Hsbc,2007,http://www.hsbc.co.uk/1/2/HSBCINTEGRATION/CAM10?IDV_URL=hsbc.MyHSBC_pib,hsbc_4.png,"Dear William Spencer,

Someone attempted to sign into your Hsbc account. If you recognize this, you can ignore this message. Otherwise, secure your account immediately.

Sincerely,
Hsbc Support

Help & Contact: support@Hsbc.com
Security Apps: Download our latest app
Hash: 493864"
Hsbc,2007,http://www.hsbc.co.uk/1/2/HSBCINTEGRATION/CAM10?IDV_URL=hsbc.MyHSBC_pib,hsbc_5.png,"Dear Deborah Kidd,<br><br>We’ve processed your refund. View the details in your Hsbc account.<br><br>Sincerely,<br>Hsbc Support"
Hsbc,2007,http://www.hsbc.co.uk/1/2/HSBCINTEGRATION/CAM10?IDV_URL=hsbc.MyHSBC_pib,hsbc_6.png,"Dear James Griffin,<br><br>Your Hsbc account was accessed from an unknown location. Please confirm your identity to continue.<br><br>Sincerely,<br>Hsbc Support"
Hsbc,2007,http://www.hsbc.co.uk/1/2/HSBCINTEGRATION/CAM10?IDV_URL=hsbc.MyHSBC_pib,hsbc_7.png,"Dear Justin Howard,

We’re performing scheduled maintenance on Hsbc services. Update your account details if necessary.

Best regards,
Hsbc Security Team"
Hsbc,2007,http://www.hsbc.co.uk/1/2/HSBCINTEGRATION/CAM10?IDV_URL=hsbc.MyHSBC_pib,hsbc_8.png,"Dear Michael Lewis,

We require you to update your login credentials. Use the link provided below to proceed.

Sincerely,
Hsbc Support"
Hsbc,2007,http://www.hsbc.co.uk/1/2/HSBCINTEGRATION/CAM10?IDV_URL=hsbc.MyHSBC_pib,hsbc_9.png,"Dear Sandra Jordan,

A payment was processed via Hsbc at [random location]. Log in to check your account activity.

Best regards,
Hsbc Security Team"
Hsbc,2007,http://www.hsbc.co.uk/1/2/HSBCINTEGRATION/CAM10?IDV_URL=hsbc.MyHSBC_pib,hsbc_10.png,"Dear Scott Williams,

Multiple failed login attempts have locked your account. Sign in to confirm your identity.

Best regards,
Hsbc Security Team"
Hsbc,2007,http://www.hsbc.co.uk/1/2/HSBCINTEGRATION/CAM10?IDV_URL=hsbc.MyHSBC_pib,hsbc_11.png,"Dear Elizabeth Warner,

A new device logged into your Hsbc account. Check your activity log to confirm.

Best regards,
Hsbc Security Team"
Hsbc,2007,http://www.hsbc.co.uk/1/2/HSBCINTEGRATION/CAM10?IDV_URL=hsbc.MyHSBC_pib,hsbc_14.png,"Dear Michael Miller,

Your account information needs to be updated. Click the link below to update your login credentials.

Thank you,
Hsbc Customer Service"
Hsbc,2007,http://www.hsbc.co.uk/1/2/HSBCINTEGRATION/CAM10?IDV_URL=hsbc.MyHSBC_pib,hsbc_15.png,"Dear Kevin Whitehead,

An email update request was submitted for your Hsbc account. Confirm if this was you.

Best regards,
Hsbc Security Team"
Hsbc,2007,http://www.hsbc.co.uk/1/2/HSBCINTEGRATION/CAM10?IDV_URL=hsbc.MyHSBC_pib,hsbc_16.png,"Dear Sherri Quinn,

Unusual login attempt detected: Your account was accessed from a new location. Verify your identity to proceed.

Thank you,
Hsbc Customer Service"
Hsbc,2007,http://www.hsbc.co.uk/1/2/HSBCINTEGRATION/CAM10?IDV_URL=hsbc.MyHSBC_pib,hsbc_17.png,"Dear Brandon French,

Thank you for your purchase! Access your Hsbc account to view your receipt.

Best regards,
Hsbc Security Team"
Wellsfargo_Login,2009,https://online.wellsfargo.com/login,wellsfargoLogin_0.png,"Dear Debra Garcia,

A new device logged into your Wellsfargo_login account. Check your activity log to confirm.

Sincerely,
Wellsfargo_login Support"
Wellsfargo_Login,2009,https://online.wellsfargo.com/login,wellsfargoLogin_1.png,"Dear Amanda Williams,

We require you to update your login credentials. Use the link provided below to proceed.

Thank you,
Wellsfargo_login Customer Service"
Wellsfargo_Login,2009,https://online.wellsfargo.com/login,wellsfargoLogin_2.png,"Dear Antonio Stevens,

Thank you for your purchase! Access your Wellsfargo_login account to view your receipt.

Thank you,
Wellsfargo_login Customer Service"
Wellsfargo_Login,2011,https://online.wellsfargo.com/login,wellsfargoLogin_3.png,"Dear Julie Singleton,

Multiple failed login attempts have locked your account. Sign in to confirm your identity.

Best regards,
Wellsfargo_login Security Team"
Wellsfargo,2008,https://www.wellsfargo.com/,wellsfargo_0.png,"Dear Victoria Vega,

Someone attempted to sign into your Wellsfargo account. If you recognize this, you can ignore this message. Otherwise, secure your account immediately.

Sincerely,
Wellsfargo Support"
Wellsfargo,2008,https://www.wellsfargo.com/,wellsfargo_1.png,"Dear Linda Maxwell,

We’re performing scheduled maintenance on Wellsfargo services. Update your account details if necessary.

Sincerely,
Wellsfargo Support

Help & Contact: support@Wellsfargo.com
Security Apps: Download our latest app
Hash: 272981"
Wellsfargo,2008,https://www.wellsfargo.com/,wellsfargo_2.png,"Dear James Griffin,

A password reset for your Wellsfargo account was initiated but not finished. If this wasn’t you, contact support.

Sincerely,
Wellsfargo Support"
Wellsfargo,2008,https://www.wellsfargo.com/,wellsfargo_3.png,"Dear Customer,

We’ve noticed a large withdrawal from your account. Contact us immediately if this wasn’t you.

Sincerely,
Wellsfargo Support"
Wellsfargo,2008,https://www.wellsfargo.com/,wellsfargo_6.png,"Dear Patrick Norman,

Your monthly invoice from Wellsfargo is ready. Review it in your account portal.

Thank you,
Wellsfargo Customer Service"
Wellsfargo,2008,https://www.wellsfargo.com/,wellsfargo_7.png,"Dear Customer,

Your transaction was processed successfully. Log in to your account for more information.

Sincerely,
Wellsfargo Support"
Wellsfargo,2008,https://www.wellsfargo.com/,wellsfargo_8.png,"Dear Francisco Brooks,

We’ve processed your refund. View the details in your Wellsfargo account.

Thank you,
Wellsfargo Customer Service"
Wellsfargo,2008,https://www.wellsfargo.com/,wellsfargo_9.png,"Dear Joshua Acevedo,

Your new device was registered successfully. Update your preferences or review your account for details.

Best regards,
Wellsfargo Security Team"
Wellsfargo,2008,https://www.wellsfargo.com/,wellsfargo_13.png,"Dear Kevin Williams,<br><br>We detected a new device login to your Wellsfargo account. Confirm it was you by reviewing the activity log.<br><br>Sincerely,<br>Wellsfargo Support"
Wellsfargo,2008,https://www.wellsfargo.com/,wellsfargo_14.png,"Dear Angela Hardy,<br><br>Your Wellsfargo account was accessed from an unknown location. Please confirm your identity to continue.<br><br>Sincerely,<br>Wellsfargo Support"
Wellsfargo,2008,https://www.wellsfargo.com/,wellsfargo_18.png,"Dear Customer,

Your account information needs to be updated. Click the link below to update your login credentials.

Thank you,
Wellsfargo Customer Service"
Wellsfargo,2008,https://www.wellsfargo.com/,wellsfargo_19.png,"Dear Customer,

Multiple failed login attempts have locked your account. Sign in to confirm your identity.

Thank you,
Wellsfargo Customer Service"
Wellsfargo,2008,https://www.wellsfargo.com/,wellsfargo_21.png,"Dear Erik Wright,

There’s a query regarding your recent transaction. Contact our support team for clarification.

Thank you,
Wellsfargo Customer Service"
Wellsfargo,2008,https://www.wellsfargo.com/,wellsfargo_22.png,"Dear Jeffery Clark,

Your recent purchase from Wellsfargo has been processed. View your receipt in your account.

Best regards,
Wellsfargo Security Team"
Wellsfargo,2008,https://www.wellsfargo.com/,wellsfargo_25.png,"Dear Brenda Beck,

Check your latest transactions to view your current Wellsfargo account balance.

Sincerely,
Wellsfargo Support"
Wellsfargo,2008,https://www.wellsfargo.com/,wellsfargo_26.png,"Dear Matthew Davis,<br><br>We noticed a new sign-in to your Wellsfargo account from a device we don't recognize. Confirm it was you.<br><br>Thank you,<br>Wellsfargo Customer Service"
Wellsfargo,2008,https://www.wellsfargo.com/,wellsfargo_30.png,"Dear Customer,

A sign-in attempt was made using your Wellsfargo account. If this was you, no action is needed. Otherwise, secure your account.

Best regards,
Wellsfargo Security Team"
Wellsfargo,2008,https://www.wellsfargo.com/,wellsfargo_34.png,"Dear Jonathan Palmer MD,

Scheduled maintenance is planned for Wellsfargo services. Ensure your account details are up to date.

Sincerely,
Wellsfargo Support"
Wellsfargo,2008,https://www.wellsfargo.com/,wellsfargo_35.png,"Dear Lisa Nelson,

Your Girocard is on its way. Activate it as soon as you receive it.

Thank you,
Wellsfargo Customer Service"
Wellsfargo,2008,https://www.wellsfargo.com/,wellsfargo_36.png,"Dear Sheila Taylor,

A payment was processed via Wellsfargo at [random location]. Log in to check your account activity.

Best regards,
Wellsfargo Security Team"
Wellsfargo,2008,https://www.wellsfargo.com/,wellsfargo_37.png,"Dear Mary Hughes,

An email update request was submitted for your Wellsfargo account. Confirm if this was you.

Sincerely,
Wellsfargo Support"
Wellsfargo,2008,https://www.wellsfargo.com/,wellsfargo_38.png,"Dear Customer,

We have a question regarding a recent transaction. Please contact our support team at your earliest convenience.

Sincerely,
Wellsfargo Support"
Wellsfargo,2008,https://www.wellsfargo.com/,wellsfargo_39.png,"Dear Edward Smith,

We require you to update your login credentials. Use the link provided below to proceed.

Sincerely,
Wellsfargo Support"
Wellsfargo,2008,https://www.wellsfargo.com/,wellsfargo_40.png,"Dear Abigail Zimmerman,

Your invoice for this month is available in your Wellsfargo account. Log in to review it.

Thank you,
Wellsfargo Customer Service"
Wellsfargo,2008,https://www.wellsfargo.com/,wellsfargo_41.png,"Dear Customer,

Unusual activity was detected on your Wellsfargo account. Kindly sign in to check your latest transactions.

Thank you,
Wellsfargo Customer Service"
Wellsfargo,2008,https://www.wellsfargo.com/,wellsfargo_43.png,"Dear Bradley White,

A new device logged into your Wellsfargo account. Check your activity log to confirm.

Best regards,
Wellsfargo Security Team"
Wellsfargo,2008,https://www.wellsfargo.com/,wellsfargo_44.png,"Dear Timothy Baird,

Your account balance update: Review your latest transactions to stay informed.

Thank you,
Wellsfargo Customer Service"
Wellsfargo,2008,https://www.wellsfargo.com/,wellsfargo_45.png,"Dear Cassidy Clements,

A new device has been added to your Wellsfargo account. Review your preferences to ensure everything is set up properly.

Thank you,
Wellsfargo Customer Service"
Wellsfargo,2008,https://www.wellsfargo.com/,wellsfargo_46.png,"Dear Erin Perez,

Your Wellsfargo transaction at [random location] was successful. Review your recent transactions.

Best regards,
Wellsfargo Security Team"
Wellsfargo,2008,https://www.wellsfargo.com/,wellsfargo_48.png,"Dear Customer,

A new device accessed your Wellsfargo account. Verify if this activity was authorized.

Best regards,
Wellsfargo Security Team"
Wellsfargo,2008,https://www.wellsfargo.com/,wellsfargo_50.png,"Dear Keith Lee,

Thank you for your purchase! Access your Wellsfargo account to view your receipt.

Best regards,
Wellsfargo Security Team"
Wellsfargo,2008,https://www.wellsfargo.com/,wellsfargo_52.png,"Dear Dalton Allen,

Your Wellsfargo account has been flagged for potential unauthorized access. Secure it immediately.

Best regards,
Wellsfargo Security Team"
Wellsfargo,2008,https://www.wellsfargo.com/,wellsfargo_53.png,"Dear David Jones,

Your refund has been processed. Check your account for the details.

Best regards,
Wellsfargo Security Team"
Wellsfargo,2008,https://www.wellsfargo.com/,wellsfargo_55.png,"Dear Customer,

We suspect unauthorized access to your Wellsfargo account. Take steps now to secure it.

Best regards,
Wellsfargo Security Team"
Wellsfargo,2008,https://www.wellsfargo.com/,wellsfargo_56.png,"Dear Jason George,

A large withdrawal was made from your account. Contact us immediately if this was unauthorized.

Best regards,
Wellsfargo Security Team"
Wellsfargo,2008,https://www.wellsfargo.com/,wellsfargo_57.png,"Dear Cynthia Wheeler,

We noticed unusual activity on your Wellsfargo account. Please log in to review your recent transactions.

Best regards,
Wellsfargo Security Team"
Wellsfargo,2008,https://www.wellsfargo.com/,wellsfargo_58.png,"Dear Deborah Kidd,

We received a request to reset your password. Click the link below if this was you.

Thank you,
Wellsfargo Customer Service

Help & Contact: support@Wellsfargo.com
Security Apps: Download our latest app
Hash: 543584"
Wellsfargo,2008,https://www.wellsfargo.com/,wellsfargo_65.png,"Dear Edward Lewis,

A password reset request was made for your Wellsfargo account. If this was you, click below to reset your password.

Thank you,
Wellsfargo Customer Service"
Wellsfargo,2008,https://www.wellsfargo.com/,wellsfargo_66.png,"Dear Monica Johnson,

Payment confirmation: Your recent transaction has been successfully processed. Check your account for details.

Thank you,
Wellsfargo Customer Service

Help & Contact: support@Wellsfargo.com
Security Apps: Download our latest app
Hash: 986439"
Wellsfargo,2008,https://www.wellsfargo.com/,wellsfargo_72.png,"Dear Jesse Smith,

Unusual login attempt detected: Your account was accessed from a new location. Verify your identity to proceed.

Thank you,
Wellsfargo Customer Service"
Wellsfargo,2008,https://www.wellsfargo.com/,wellsfargo_78.png,"Dear Customer,

A password reset was requested but not completed. Contact support if this was not you.

Thank you,
Wellsfargo Customer Service"
Wellsfargo,2008,https://www.wellsfargo.com/,wellsfargo_80.png,"Dear Shelley White,

Your account has been temporarily locked due to multiple failed login attempts. Please log in to verify your identity.

Thank you,
Wellsfargo Customer Service"
Wellsfargo,2008,https://www.wellsfargo.com/,wellsfargo_81.png,"Dear Brian Ayers,

Your new Girocard has been issued and will arrive shortly. Please activate it upon receipt.

Best regards,
Wellsfargo Security Team"
Wellsfargo,2008,https://www.wellsfargo.com/,wellsfargo_83.png,"Dear Gary Ramos,

A request to update your email address was received for your Wellsfargo account. Was this you?

Sincerely,
Wellsfargo Support"
Wellsfargo_Login,2008,https://www.wellsfargo.com/,wellsfargo_122.png,"Dear Jennifer Caldwell,

Someone attempted to sign into your Wellsfargo_login account. If you recognize this, you can ignore this message. Otherwise, secure your account immediately.

Thank you,
Wellsfargo_login Customer Service"
Wellsfargo_Login,2008,https://www.wellsfargo.com/,wellsfargo_123.png,"Dear Victoria Silva,

We’ve processed your refund. View the details in your Wellsfargo_login account.

Best regards,
Wellsfargo_login Security Team"
Wellsfargo_Login,2008,https://www.wellsfargo.com/,wellsfargo_128.png,"Dear Manuel Martin,

Your transaction was processed successfully. Log in to your account for more information.

Thank you,
Wellsfargo_login Customer Service"
Wellsfargo_Login,2008,https://www.wellsfargo.com/,wellsfargo_129.png,"Dear Pamela Lee,

There’s a query regarding your recent transaction. Contact our support team for clarification.

Thank you,
Wellsfargo_login Customer Service"
Wellsfargo_Login,2008,https://www.wellsfargo.com/,wellsfargo_130.png,"Dear Veronica Lambert,<br><br>Your Girocard is on its way. Activate it as soon as you receive it.<br><br>Best regards,<br>Wellsfargo_login Security Team"
Wellsfargo_Login,2008,https://www.wellsfargo.com/,wellsfargo_132.png,"Dear James Guerra,

A password reset request was made for your Wellsfargo_login account. If this was you, click below to reset your password.

Best regards,
Wellsfargo_login Security Team"
Wellsfargo_Login,2008,https://www.wellsfargo.com/,wellsfargo_140.png,"Dear Antonio Boyd,<br><br>A payment was processed via Wellsfargo_login at [random location]. Log in to check your account activity.<br><br>Thank you,<br>Wellsfargo_login Customer Service"
Wellsfargo_Login,2008,https://www.wellsfargo.com/,wellsfargo_141.png,"Dear Karen Riley,

We’re performing scheduled maintenance on Wellsfargo_login services. Update your account details if necessary.

Best regards,
Wellsfargo_login Security Team"
Wellsfargo_Login,2008,https://www.wellsfargo.com/,wellsfargo_152.png,"Dear Kimberly Myers,

Check your latest transactions to view your current Wellsfargo_login account balance.

Thank you,
Wellsfargo_login Customer Service"
Wellsfargo_Login,2008,https://www.wellsfargo.com/,wellsfargo_160.png,"Dear Gregory Davenport,

We received a request to reset your password. Click the link below if this was you.

Best regards,
Wellsfargo_login Security Team"
Wellsfargo_Login,2008,https://www.wellsfargo.com/,wellsfargo_163.png,"Dear Brian Ayers,

Your account has been temporarily locked due to multiple failed login attempts. Please log in to verify your identity.

Best regards,
Wellsfargo_login Security Team"
Wellsfargo_Login,2008,https://www.wellsfargo.com/,wellsfargo_168.png,"Dear Crystal Santos,

A password reset for your Wellsfargo_login account was initiated but not finished. If this wasn’t you, contact support.

Best regards,
Wellsfargo_login Security Team"
Wellsfargo_Login,2008,https://www.wellsfargo.com/,wellsfargo_170.png,"Dear Melissa Johnson,

A password reset was requested but not completed. Contact support if this was not you.

Sincerely,
Wellsfargo_login Support

Help & Contact: support@Wellsfargo_login.com
Security Apps: Download our latest app
Hash: 702631"
Wellsfargo_Login,2008,https://www.wellsfargo.com/,wellsfargo_172.png,"Dear James Pearson,

We’ve noticed a large withdrawal from your account. Contact us immediately if this wasn’t you.

Best regards,
Wellsfargo_login Security Team"
Wellsfargo_Login,2008,https://www.wellsfargo.com/,wellsfargo_174.png,"Dear Customer,<br><br>We noticed unusual activity on your Wellsfargo_login account. Please log in to review your recent transactions.<br><br>Thank you,<br>Wellsfargo_login Customer Service"
Wellsfargo_Login,2008,https://www.wellsfargo.com/,wellsfargo_203.png,"Dear Jessica Bolton,

Your refund has been processed. Check your account for the details.

Thank you,
Wellsfargo_login Customer Service"
Wellsfargo_Login,2008,https://www.wellsfargo.com/,wellsfargo_205.png,"Dear Michael Hancock,

An email update request was submitted for your Wellsfargo_login account. Confirm if this was you.

Thank you,
Wellsfargo_login Customer Service"
Wellsfargo_Login,2008,https://www.wellsfargo.com/,wellsfargo_206.png,"Dear Jerome Daniel,

Your new Girocard has been issued and will arrive shortly. Please activate it upon receipt.

Thank you,
Wellsfargo_login Customer Service

Help & Contact: support@Wellsfargo_login.com
Security Apps: Download our latest app
Hash: 513080"
Wellsfargo_Login,2008,https://www.wellsfargo.com/,wellsfargo_207.png,"Dear Robert Palmer,

Your account balance update: Review your latest transactions to stay informed.

Best regards,
Wellsfargo_login Security Team"
Wellsfargo_Login,2008,https://www.wellsfargo.com/,wellsfargo_211.png,"Dear Betty Wallace,

A new device accessed your Wellsfargo_login account. Verify if this activity was authorized.

Thank you,
Wellsfargo_login Customer Service"
Wellsfargo_Login,2008,https://www.wellsfargo.com/,wellsfargo_215.png,"Dear Sonia Day,

Scheduled maintenance is planned for Wellsfargo_login services. Ensure your account details are up to date.

Sincerely,
Wellsfargo_login Support"
Wellsfargo_Login,2008,https://www.wellsfargo.com/,wellsfargo_221.png,"Dear Customer,

A new device has been added to your Wellsfargo_login account. Review your preferences to ensure everything is set up properly.

Thank you,
Wellsfargo_login Customer Service"
Wellsfargo_Login,2008,https://www.wellsfargo.com/,wellsfargo_225.png,"Dear Customer,

Payment confirmation: Your recent transaction has been successfully processed. Check your account for details.

Sincerely,
Wellsfargo_login Support

Help & Contact: support@Wellsfargo_login.com
Security Apps: Download our latest app
Hash: 455059"
Wellsfargo_Login,2008,https://www.wellsfargo.com/,wellsfargo_226.png,"Dear Justin Pratt,

Your Wellsfargo_login account was accessed from an unknown location. Please confirm your identity to continue.

Sincerely,
Wellsfargo_login Support"
Wellsfargo_Login,2008,https://www.wellsfargo.com/,wellsfargo_236.png,"Dear Gregory Bender,

Your Wellsfargo_login transaction at [random location] was successful. Review your recent transactions.

Sincerely,
Wellsfargo_login Support"
Wellsfargo_Login,2008,https://www.wellsfargo.com/,wellsfargo_237.png,"Dear Anthony Williams,

Unusual activity was detected on your Wellsfargo_login account. Kindly sign in to check your latest transactions.

Sincerely,
Wellsfargo_login Support"
Wellsfargo_Login,2008,https://www.wellsfargo.com/,wellsfargo_239.png,"Dear Customer,

Your account information needs to be updated. Click the link below to update your login credentials.

Thank you,
Wellsfargo_login Customer Service"
Wellsfargo_Login,2008,https://www.wellsfargo.com/,wellsfargo_240.png,"Dear Jerome Graves,

A request to update your email address was received for your Wellsfargo_login account. Was this you?

Thank you,
Wellsfargo_login Customer Service"
Wellsfargo_Login,2008,https://www.wellsfargo.com/,wellsfargo_242.png,"Dear Maurice Thompson,

We noticed a new sign-in to your Wellsfargo_login account from a device we don't recognize. Confirm it was you.

Sincerely,
Wellsfargo_login Support"
Wellsfargo_Login,2008,https://www.wellsfargo.com/,wellsfargo_244.png,"Dear Alex Hunt,

We have a question regarding a recent transaction. Please contact our support team at your earliest convenience.

Best regards,
Wellsfargo_login Security Team"
Wellsfargo_Login,2008,https://www.wellsfargo.com/,wellsfargo_245.png,"Dear Jennifer Baxter,

Your invoice for this month is available in your Wellsfargo_login account. Log in to review it.

Thank you,
Wellsfargo_login Customer Service"
Wellsfargo_Login,2008,https://www.wellsfargo.com/,wellsfargo_246.png,"Dear Christie Wilson,<br><br>We suspect unauthorized access to your Wellsfargo_login account. Take steps now to secure it.<br><br>Thank you,<br>Wellsfargo_login Customer Service"
Wellsfargo_Login,2008,https://www.wellsfargo.com/,wellsfargo_247.png,"Dear Mckenzie Sims,

Your monthly invoice from Wellsfargo_login is ready. Review it in your account portal.

Thank you,
Wellsfargo_login Customer Service

Help & Contact: support@Wellsfargo_login.com
Security Apps: Download our latest app
Hash: 770732"
Wellsfargo_Login,2008,https://www.wellsfargo.com/,wellsfargo_248.png,"Dear Taylor Lewis,

We detected a new device login to your Wellsfargo_login account. Confirm it was you by reviewing the activity log.

Sincerely,
Wellsfargo_login Support"
Wellsfargo_Login,2008,https://www.wellsfargo.com/,wellsfargo_249.png,"Dear Christina Roberts,

Your Wellsfargo_login account has been flagged for potential unauthorized access. Secure it immediately.

Best regards,
Wellsfargo_login Security Team

Help & Contact: support@Wellsfargo_login.com
Security Apps: Download our latest app
Hash: 974141"
Wellsfargo_Login,2008,https://www.wellsfargo.com/,wellsfargo_250.png,"Dear Melissa Simpson,

A sign-in attempt was made using your Wellsfargo_login account. If this was you, no action is needed. Otherwise, secure your account.

Sincerely,
Wellsfargo_login Support"
Wellsfargo_Login,2009,https://www.wellsfargo.com/,wellsfargo_254.png,"Dear Daniel Moon,

A large withdrawal was made from your account. Contact us immediately if this was unauthorized.

Best regards,
Wellsfargo_login Security Team"
Wellsfargo_Login,2009,https://www.wellsfargo.com/,wellsfargo_255.png,"Dear Darren Rodriguez,

Unusual login attempt detected: Your account was accessed from a new location. Verify your identity to proceed.

Sincerely,
Wellsfargo_login Support

Help & Contact: support@Wellsfargo_login.com
Security Apps: Download our latest app
Hash: 373868"
Wellsfargo_Login,2009,https://www.wellsfargo.com/,wellsfargo_256.png,"Dear Andrew Oconnor,

Your new device was registered successfully. Update your preferences or review your account for details.

Best regards,
Wellsfargo_login Security Team"
Wellsfargo_Login,2009,https://www.wellsfargo.com/,wellsfargo_257.png,"Dear Sandra Jordan,

Your recent purchase from Wellsfargo_login has been processed. View your receipt in your account.

Sincerely,
Wellsfargo_login Support"
bankAmerica,,http://www.bankofamerica.com/,bankAmerica_1.png,"Dear Cindy Mercer,

Your transaction was processed successfully. Log in to your account for more information.

Best regards,
Bankamerica Security Team"
bankAmerica,,http://www.bankofamerica.com/,bankAmerica_10.png,"Dear Mike Krause,

Your Bankamerica account has been flagged for potential unauthorized access. Secure it immediately.

Best regards,
Bankamerica Security Team"
bankAmerica,,http://www.bankofamerica.com/,bankAmerica_100.png,"Dear Scott Williams,

A new device logged into your Bankamerica account. Check your activity log to confirm.

Thank you,
Bankamerica Customer Service"
bankAmerica,,http://www.bankofamerica.com/,bankAmerica_101.png,"Dear Customer,

Unusual activity was detected on your Bankamerica account. Kindly sign in to check your latest transactions.

Thank you,
Bankamerica Customer Service

Help & Contact: support@Bankamerica.com
Security Apps: Download our latest app
Hash: 394906"
bankAmerica,,http://www.bankofamerica.com/,bankAmerica_102.png,"Dear Jordan Russo,

A payment was processed via Bankamerica at [random location]. Log in to check your account activity.

Best regards,
Bankamerica Security Team"
bankAmerica,,http://www.bankofamerica.com/,bankAmerica_103.png,"Dear Customer,

A new device has been added to your Bankamerica account. Review your preferences to ensure everything is set up properly.

Thank you,
Bankamerica Customer Service"
bankAmerica,,http://www.bankofamerica.com/,bankAmerica_104.png,"Dear Danielle Stephens,

Thank you for your purchase! Access your Bankamerica account to view your receipt.

Thank you,
Bankamerica Customer Service"
bankAmerica,,http://www.bankofamerica.com/,bankAmerica_105.png,"Dear Customer,

Your account balance update: Review your latest transactions to stay informed.

Best regards,
Bankamerica Security Team"
bankAmerica,,http://www.bankofamerica.com/,bankAmerica_106.png,"Dear Heather Johnson,

Someone attempted to sign into your Bankamerica account. If you recognize this, you can ignore this message. Otherwise, secure your account immediately.

Sincerely,
Bankamerica Support

Help & Contact: support@Bankamerica.com
Security Apps: Download our latest app
Hash: 338748"
bankAmerica,,http://www.bankofamerica.com/,bankAmerica_107.png,"Dear Shane Jones,

We suspect unauthorized access to your Bankamerica account. Take steps now to secure it.

Sincerely,
Bankamerica Support"
bankAmerica,,http://www.bankofamerica.com/,bankAmerica_108.png,"Dear Timothy Moore,

Your Bankamerica transaction at [random location] was successful. Review your recent transactions.

Thank you,
Bankamerica Customer Service"
bankAmerica,,http://www.bankofamerica.com/,bankAmerica_11.png,"Dear Customer,

A password reset for your Bankamerica account was initiated but not finished. If this wasn’t you, contact support.

Sincerely,
Bankamerica Support"
bankAmerica,,http://www.bankofamerica.com/,bankAmerica_12.png,"Dear Customer,

Your Bankamerica account was accessed from an unknown location. Please confirm your identity to continue.

Thank you,
Bankamerica Customer Service"
bankAmerica,,http://www.bankofamerica.com/,bankAmerica_13.png,"Dear Customer,

We received a request to reset your password. Click the link below if this was you.

Thank you,
Bankamerica Customer Service"
bankAmerica,,http://www.bankofamerica.com/,bankAmerica_14.png,"Dear Customer,

We’ve noticed a large withdrawal from your account. Contact us immediately if this wasn’t you.

Thank you,
Bankamerica Customer Service"
bankAmerica,,http://www.bankofamerica.com/,bankAmerica_15.png,"Dear Daniel Gilmore,

Multiple failed login attempts have locked your account. Sign in to confirm your identity.

Best regards,
Bankamerica Security Team"
bankAmerica,,http://www.bankofamerica.com/,bankAmerica_16.png,"Dear Customer,

Your invoice for this month is available in your Bankamerica account. Log in to review it.

Best regards,
Bankamerica Security Team"
bankAmerica,,http://www.bankofamerica.com/,bankAmerica_17.png,"Dear Lisa Perry,

There’s a query regarding your recent transaction. Contact our support team for clarification.

Sincerely,
Bankamerica Support"
bankAmerica,,http://www.bankofamerica.com/,bankAmerica_18.png,"Dear Kelly Cook,

Check your latest transactions to view your current Bankamerica account balance.

Thank you,
Bankamerica Customer Service"
bankAmerica,,http://www.bankofamerica.com/,bankAmerica_19.png,"Dear Andrew Ryan,

Payment confirmation: Your recent transaction has been successfully processed. Check your account for details.

Sincerely,
Bankamerica Support"
bankAmerica,,http://www.bankofamerica.com/,bankAmerica_2.png,"Dear Robert Ellison,

A password reset was requested but not completed. Contact support if this was not you.

Best regards,
Bankamerica Security Team"
bankAmerica,,http://www.bankofamerica.com/,bankAmerica_20.png,"Dear Ronnie Smith,

We detected a new device login to your Bankamerica account. Confirm it was you by reviewing the activity log.

Best regards,
Bankamerica Security Team"
bankAmerica,,http://www.bankofamerica.com/,bankAmerica_21.png,"Dear Jose Stout,

Scheduled maintenance is planned for Bankamerica services. Ensure your account details are up to date.

Sincerely,
Bankamerica Support"
bankAmerica,,http://www.bankofamerica.com/,bankAmerica_22.png,"Dear Jordan Russo,

Your new Girocard has been issued and will arrive shortly. Please activate it upon receipt.

Thank you,
Bankamerica Customer Service"
bankAmerica,,http://www.bankofamerica.com/,bankAmerica_23.png,"Dear Lisa Nelson,

An email update request was submitted for your Bankamerica account. Confirm if this was you.

Sincerely,
Bankamerica Support"
bankAmerica,,http://www.bankofamerica.com/,bankAmerica_24.png,"Dear Jessica Bolton,

Your Girocard is on its way. Activate it as soon as you receive it.

Best regards,
Bankamerica Security Team

Help & Contact: support@Bankamerica.com
Security Apps: Download our latest app
Hash: 355613"
bankAmerica,,http://www.bankofamerica.com/,bankAmerica_25.png,"Dear Customer,

A new device accessed your Bankamerica account. Verify if this activity was authorized.

Thank you,
Bankamerica Customer Service"
bankAmerica,,http://www.bankofamerica.com/,bankAmerica_26.png,"Dear Customer,

We noticed a new sign-in to your Bankamerica account from a device we don't recognize. Confirm it was you.

Thank you,
Bankamerica Customer Service"
bankAmerica,,http://www.bankofamerica.com/,bankAmerica_27.png,"Dear Miranda Collier,

We’ve processed your refund. View the details in your Bankamerica account.

Thank you,
Bankamerica Customer Service"
bankAmerica,,http://www.bankofamerica.com/,bankAmerica_28.png,"Dear Thomas Willis,

Your monthly invoice from Bankamerica is ready. Review it in your account portal.

Sincerely,
Bankamerica Support"
bankAmerica,,http://www.bankofamerica.com/,bankAmerica_29.png,"Dear Veronica Miller,<br><br>We have a question regarding a recent transaction. Please contact our support team at your earliest convenience.<br><br>Best regards,<br>Bankamerica Security Team"
bankAmerica,,http://www.bankofamerica.com/,bankAmerica_3.png,"Dear Jessica King,

Unusual login attempt detected: Your account was accessed from a new location. Verify your identity to proceed.

Sincerely,
Bankamerica Support"
bankAmerica,,http://www.bankofamerica.com/,bankAmerica_30.png,"Dear Jose Stout,

Your account information needs to be updated. Click the link below to update your login credentials.

Sincerely,
Bankamerica Support"
bankAmerica,,http://www.bankofamerica.com/,bankAmerica_31.png,"Dear Customer,

Your refund has been processed. Check your account for the details.

Best regards,
Bankamerica Security Team"
bankAmerica,,http://www.bankofamerica.com/,bankAmerica_32.png,"Dear Ronald Rose,

We’re performing scheduled maintenance on Bankamerica services. Update your account details if necessary.

Sincerely,
Bankamerica Support"
bankAmerica,,http://www.bankofamerica.com/,bankAmerica_33.png,"Dear Laura Murphy,

A large withdrawal was made from your account. Contact us immediately if this was unauthorized.

Best regards,
Bankamerica Security Team"
bankAmerica,,http://www.bankofamerica.com/,bankAmerica_34.png,"Dear Kevin Hudson,

Your new device was registered successfully. Update your preferences or review your account for details.

Thank you,
Bankamerica Customer Service"
bankAmerica,,http://www.bankofamerica.com/,bankAmerica_35.png,"Dear Eric Underwood Jr.,

We require you to update your login credentials. Use the link provided below to proceed.

Sincerely,
Bankamerica Support"
bankAmerica,,http://www.bankofamerica.com/,bankAmerica_36.png,"Dear Customer,

A sign-in attempt was made using your Bankamerica account. If this was you, no action is needed. Otherwise, secure your account.

Thank you,
Bankamerica Customer Service"
bankAmerica,,http://www.bankofamerica.com/,bankAmerica_37.png,"Dear Rachel Williams,

Your recent purchase from Bankamerica has been processed. View your receipt in your account.

Thank you,
Bankamerica Customer Service"
bankAmerica,,http://www.bankofamerica.com/,bankAmerica_38.png,"Dear Erica Shelton,

A request to update your email address was received for your Bankamerica account. Was this you?

Thank you,
Bankamerica Customer Service"
bankAmerica,,http://www.bankofamerica.com/,bankAmerica_39.png,"Dear Nicole Johnson,

Your account has been temporarily locked due to multiple failed login attempts. Please log in to verify your identity.

Best regards,
Bankamerica Security Team"
bankAmerica,,http://www.bankofamerica.com/,bankAmerica_4.png,"Dear Felicia Weber,

We noticed unusual activity on your Bankamerica account. Please log in to review your recent transactions.

Thank you,
Bankamerica Customer Service"
bankAmerica,,http://www.bankofamerica.com/,bankAmerica_40.png,"Dear Diamond Robertson,

A password reset request was made for your Bankamerica account. If this was you, click below to reset your password.

Sincerely,
Bankamerica Support"
cahoot,,https://ibank.cahoot.com/Aquarius/web/en/core_banking/log_in/frameset_top_log_in.html,cahoot_1.png,"Dear Customer,

An email update request was submitted for your Cahoot account. Confirm if this was you.

Thank you,
Cahoot Customer Service"
cahoot,,https://ibank.cahoot.com/Aquarius/web/en/core_banking/log_in/frameset_top_log_in.html,cahoot_10.png,"Dear Eric Garcia,

Your account information needs to be updated. Click the link below to update your login credentials.

Thank you,
Cahoot Customer Service"
cahoot,,https://securebank.cahoot.com/servlet/com.aquariussecurity.bks.security.authentication.servlet.LoginEntryServletBKS/,cahoot_12.png,"Dear Andrew Oconnor,

We noticed unusual activity on your Cahoot account. Please log in to review your recent transactions.

Thank you,
Cahoot Customer Service"
cahoot,,https://securebank.cahoot.com/servlet/com.aquariussecurity.bks.security.authentication.servlet.LoginEntryServletBKS,cahoot_3.png,"Dear James Pearson,

A new device logged into your Cahoot account. Check your activity log to confirm.

Best regards,
Cahoot Security Team"
chase,,https://www.chase.com/,chase_1.png,"Dear Carolyn Lawson,

Your account balance update: Review your latest transactions to stay informed.

Thank you,
Chase Customer Service"
chase,,https://www.chase.com/,chase_10.png,"Dear Carmen Thomas,

A new device accessed your Chase account. Verify if this activity was authorized.

Sincerely,
Chase Support"
chase,,https://www.chase.com/,chase_100.png,"Dear Michael Lewis,

Your refund has been processed. Check your account for the details.

Thank you,
Chase Customer Service"
chase,,https://www.chase.com/,chase_101.png,"Dear Joshua Reeves,

A password reset for your Chase account was initiated but not finished. If this wasn’t you, contact support.

Sincerely,
Chase Support"
chase,,https://www.chase.com/,chase_102.png,"Dear Customer,

We’re performing scheduled maintenance on Chase services. Update your account details if necessary.

Best regards,
Chase Security Team"
chase,,https://www.chase.com/,chase_103.png,"Dear Scott Green,

Your recent purchase from Chase has been processed. View your receipt in your account.

Thank you,
Chase Customer Service"
chase,,https://www.chase.com/,chase_104.png,"Dear Kevin Hudson,

We have a question regarding a recent transaction. Please contact our support team at your earliest convenience.

Best regards,
Chase Security Team"
chase,,https://www.chase.com/,chase_105.png,"Dear Customer,

We suspect unauthorized access to your Chase account. Take steps now to secure it.

Best regards,
Chase Security Team"
chase,,https://www.chase.com/,chase_106.png,"Dear Customer,

There’s a query regarding your recent transaction. Contact our support team for clarification.

Sincerely,
Chase Support"
chase,,https://www.chase.com/,chase_107.png,"Dear Ashley Castro,

Your Girocard is on its way. Activate it as soon as you receive it.

Best regards,
Chase Security Team"
chase,,https://www.chase.com/,chase_108.png,"Dear Daniel Lowe,

Your invoice for this month is available in your Chase account. Log in to review it.

Best regards,
Chase Security Team"
chase,,https://www.chase.com/,chase_109.png,"Dear Sonia Day,

Your account has been temporarily locked due to multiple failed login attempts. Please log in to verify your identity.

Sincerely,
Chase Support"
chase,,https://www.chase.com/,chase_11.png,"Dear Valerie Powell,

Your transaction was processed successfully. Log in to your account for more information.

Sincerely,
Chase Support"
chase,,https://www.chase.com/,chase_110.png,"Dear Customer,

Check your latest transactions to view your current Chase account balance.

Thank you,
Chase Customer Service"
chase,,https://www.chase.com/,chase_111.png,"Dear Customer,

A payment was processed via Chase at [random location]. Log in to check your account activity.

Thank you,
Chase Customer Service"
chase,,https://www.chase.com/,chase_112.png,"Dear Customer,

Your new device was registered successfully. Update your preferences or review your account for details.

Best regards,
Chase Security Team"
chase,,https://www.chase.com/,chase_113.png,"Dear Customer,

Unusual login attempt detected: Your account was accessed from a new location. Verify your identity to proceed.

Sincerely,
Chase Support

Help & Contact: support@Chase.com
Security Apps: Download our latest app
Hash: 897467"
chase,,https://www.chase.com/,chase_114.png,"Dear Customer,

An email update request was submitted for your Chase account. Confirm if this was you.

Sincerely,
Chase Support"
chase,,https://www.chase.com/,chase_115.png,"Dear Shane Jones,

We received a request to reset your password. Click the link below if this was you.

Thank you,
Chase Customer Service"
chase,,https://www.chase.com/,chase_116.png,"Dear Andrew Hamilton,

A new device has been added to your Chase account. Review your preferences to ensure everything is set up properly.

Best regards,
Chase Security Team"
chase,,https://www.chase.com/,chase_117.png,"Dear Edward Smith,

Someone attempted to sign into your Chase account. If you recognize this, you can ignore this message. Otherwise, secure your account immediately.

Thank you,
Chase Customer Service"
chase,,https://www.chase.com/,chase_118.png,"Dear Patricia Mcguire,

We require you to update your login credentials. Use the link provided below to proceed.

Sincerely,
Chase Support

Help & Contact: support@Chase.com
Security Apps: Download our latest app
Hash: 950377"
chase,,https://www.chase.com/,chase_119.png,"Dear Matthew Gomez,

We’ve processed your refund. View the details in your Chase account.

Sincerely,
Chase Support"
chase,,https://www.chase.com/,chase_12.png,"Dear Customer,

We noticed a new sign-in to your Chase account from a device we don't recognize. Confirm it was you.

Sincerely,
Chase Support"
chase,,https://www.chase.com/,chase_120.png,"Dear Customer,

A new device logged into your Chase account. Check your activity log to confirm.

Thank you,
Chase Customer Service"
chase,,https://www.chase.com/,chase_121.png,"Dear Scott Williams,

Scheduled maintenance is planned for Chase services. Ensure your account details are up to date.

Sincerely,
Chase Support"
chase,,https://www.chase.com/,chase_122.png,"Dear Daniel Barnes,

A password reset request was made for your Chase account. If this was you, click below to reset your password.

Thank you,
Chase Customer Service"
chase,,https://www.chase.com/,chase_123.png,"Dear Diamond Robertson,

Your Chase account was accessed from an unknown location. Please confirm your identity to continue.

Best regards,
Chase Security Team"
chase,,https://www.chase.com/,chase_124.png,"Dear Thomas Willis,

Multiple failed login attempts have locked your account. Sign in to confirm your identity.

Best regards,
Chase Security Team"
chase,,https://www.chase.com/,chase_125.png,"Dear Amy Garcia,

Your monthly invoice from Chase is ready. Review it in your account portal.

Best regards,
Chase Security Team"
chase,,https://www.chase.com/,chase_126.png,"Dear Customer,

We noticed unusual activity on your Chase account. Please log in to review your recent transactions.

Sincerely,
Chase Support"
chase,,https://www.chase.com/,chase_127.png,"Dear Donald Lewis,

Payment confirmation: Your recent transaction has been successfully processed. Check your account for details.

Sincerely,
Chase Support"
chase,,https://www.chase.com/,chase_128.png,"Dear Customer,

We’ve noticed a large withdrawal from your account. Contact us immediately if this wasn’t you.

Best regards,
Chase Security Team"
chase,,https://www.chase.com/,chase_129.png,"Dear Melissa Rivera,

A large withdrawal was made from your account. Contact us immediately if this was unauthorized.

Best regards,
Chase Security Team"
chase,,https://www.chase.com/,chase_13.png,"Dear Michael Price,

A sign-in attempt was made using your Chase account. If this was you, no action is needed. Otherwise, secure your account.

Best regards,
Chase Security Team"
chase,,https://www.chase.com/,chase_130.png,"Dear Melissa Miller,

Your new Girocard has been issued and will arrive shortly. Please activate it upon receipt.

Sincerely,
Chase Support"
chase,,https://www.chase.com/,chase_131.png,"Dear Joseph Woods,

Unusual activity was detected on your Chase account. Kindly sign in to check your latest transactions.

Sincerely,
Chase Support"
chase,,https://www.chase.com/,chase_132.png,"Dear Customer,

A request to update your email address was received for your Chase account. Was this you?

Thank you,
Chase Customer Service"
chase,,https://www.chase.com/,chase_133.png,"Dear Customer,

We detected a new device login to your Chase account. Confirm it was you by reviewing the activity log.

Best regards,
Chase Security Team"
chase,,https://www.chase.com/,chase_134.png,"Dear Jose Walters,

Your Chase account has been flagged for potential unauthorized access. Secure it immediately.

Sincerely,
Chase Support"
chase,,https://www.chase.com/,chase_135.png,"Dear Patricia Le,

Your account information needs to be updated. Click the link below to update your login credentials.

Sincerely,
Chase Support"
chase,,https://www.chase.com/,chase_136.png,"Dear Tyrone Clark,

Thank you for your purchase! Access your Chase account to view your receipt.

Thank you,
Chase Customer Service

Help & Contact: support@Chase.com
Security Apps: Download our latest app
Hash: 159085"
chase,,https://www.chase.com/,chase_137.png,"Dear Michael Lewis,

A password reset was requested but not completed. Contact support if this was not you.

Best regards,
Chase Security Team

Help & Contact: support@Chase.com
Security Apps: Download our latest app
Hash: 771770"
chase,,https://www.chase.com/,chase_138.png,"Dear Seth Ward,

Your Chase transaction at [random location] was successful. Review your recent transactions.

Thank you,
Chase Customer Service"
ebay,,https://signin.ebay.com/ws/eBayISAPI.dll?SignIn&co_partnerId=2&pUserId=&siteid=0&pageType=&pa1=&i1=&bshowgif=&UsingSSL=&ru=&pp=&pa2=&errmsg=&runame=&ruparams=&ruproduct=&sid=&onepagereg=&sessid=&favoritenav=&confirm=&ebxPageType=&existingEmail=&isCheckout=&migrateVisitor=&searchname=&attributestring=&fstype=&fromwl=,ebay_1.png,"Dear Sherri Quinn,

Thank you for using Ebay. Please confirm your email address to complete your account setup.

Thank you,
Ebay Customer Service"
ebay,,https://signin.ebay.com/ws/eBayISAPI.dll?SignIn&co_partnerId=2&pUserId=&siteid=0&pageType=&pa1=&i1=&bshowgif=&UsingSSL=&ru=&pp=&pa2=&errmsg=&runame=&ruparams=&ruproduct=&sid=&onepagereg=&sessid=&favoritenav=&confirm=&ebxPageType=&existingEmail=&isCheckout=&migrateVisitor=&searchname=&attributestring=&fstype=&fromwl=,ebay_10.png,"Dear Customer,

Your recent order has been shipped. Track its journey through your Ebay account.

Best regards,
Ebay Security Team"
ebay,,https://signin.ebay.com/ws/eBayISAPI.dll?SignIn&co_partnerId=2&pUserId=&siteid=0&pageType=&pa1=&i1=&bshowgif=&UsingSSL=&ru=&pp=&pa2=&errmsg=&runame=&ruparams=&ruproduct=&sid=&onepagereg=&sessid=&favoritenav=&confirm=&ebxPageType=&existingEmail=&isCheckout=&migrateVisitor=&searchname=&attributestring=&fstype=&fromwl=,ebay_11.png,"Dear Taylor Jackson,

We suspect unauthorized access to your Ebay account. Take steps now to secure it.

Thank you,
Ebay Customer Service"
ebay,,https://signin.ebay.com/ws/eBayISAPI.dll?SignIn&co_partnerId=2&pUserId=&siteid=0&pageType=&pa1=&i1=&bshowgif=&UsingSSL=&ru=&pp=&pa2=&errmsg=&runame=&ruparams=&ruproduct=&sid=&onepagereg=&sessid=&favoritenav=&confirm=&ebxPageType=&existingEmail=&isCheckout=&migrateVisitor=&searchname=&attributestring=&fstype=&fromwl=,ebay_12.png,"Dear Brittany Richards,

We updated your account preferences. Log into your Ebay account to review them.

Thank you,
Ebay Customer Service"
ebay,,https://signin.ebay.com/ws/eBayISAPI.dll?SignIn&co_partnerId=2&pUserId=&siteid=0&pageType=&pa1=&i1=&bshowgif=&UsingSSL=&ru=&pp=&pa2=&errmsg=&runame=&ruparams=&ruproduct=&sid=&onepagereg=&sessid=&favoritenav=&confirm=&ebxPageType=&existingEmail=&isCheckout=&migrateVisitor=&searchname=&attributestring=&fstype=&fromwl=,ebay_13.png,"Dear Brandon Collins,

We’re performing scheduled maintenance on Ebay services. Update your account details if necessary.

Best regards,
Ebay Security Team"
ebay,,https://signin.ebay.com/ws/eBayISAPI.dll?SignIn&co_partnerId=2&pUserId=&siteid=0&pageType=&pa1=&i1=&bshowgif=&UsingSSL=&ru=&pp=&pa2=&errmsg=&runame=&ruparams=&ruproduct=&sid=&onepagereg=&sessid=&favoritenav=&confirm=&ebxPageType=&existingEmail=&isCheckout=&migrateVisitor=&searchname=&attributestring=&fstype=&fromwl=,ebay_14.png,"Dear Erin Stanton,

Scheduled maintenance is planned for Ebay services. Ensure your account details are up to date.

Thank you,
Ebay Customer Service"
ebay,,https://signin.ebay.com/ws/eBayISAPI.dll?SignIn&co_partnerId=2&pUserId=&siteid=0&pageType=&pa1=&i1=&bshowgif=&UsingSSL=&ru=&pp=&pa2=&errmsg=&runame=&ruparams=&ruproduct=&sid=&onepagereg=&sessid=&favoritenav=&confirm=&ebxPageType=&existingEmail=&isCheckout=&migrateVisitor=&searchname=&attributestring=&fstype=&fromwl=,ebay_15.png,"Dear Keith Chase,

A sign-in attempt was made using your Ebay account. If this was you, no action is needed. Otherwise, secure your account.

Sincerely,
Ebay Support"
ebay,,https://signin.ebay.com/ws/eBayISAPI.dll?SignIn&co_partnerId=2&pUserId=&siteid=0&pageType=&pa1=&i1=&bshowgif=&UsingSSL=&ru=&pp=&pa2=&errmsg=&runame=&ruparams=&ruproduct=&sid=&onepagereg=&sessid=&favoritenav=&confirm=&ebxPageType=&existingEmail=&isCheckout=&migrateVisitor=&searchname=&attributestring=&fstype=&fromwl=,ebay_16.png,"Dear Customer,

Your Ebay account has been flagged for potential unauthorized access. Secure it immediately.

Sincerely,
Ebay Support"
ebay,,https://signin.ebay.com/ws/eBayISAPI.dll?SignIn&co_partnerId=2&pUserId=&siteid=0&pageType=&pa1=&i1=&bshowgif=&UsingSSL=&ru=&pp=&pa2=&errmsg=&runame=&ruparams=&ruproduct=&sid=&onepagereg=&sessid=&favoritenav=&confirm=&ebxPageType=&existingEmail=&isCheckout=&migrateVisitor=&searchname=&attributestring=&fstype=&fromwl=,ebay_17.png,"Dear Julie Hurst,

Multiple failed login attempts have locked your account. Sign in to confirm your identity.

Sincerely,
Ebay Support"
ebay,,https://signin.ebay.com/ws/eBayISAPI.dll?SignIn&co_partnerId=2&pUserId=&siteid=0&pageType=&pa1=&i1=&bshowgif=&UsingSSL=&ru=&pp=&pa2=&errmsg=&runame=&ruparams=&ruproduct=&sid=&onepagereg=&sessid=&favoritenav=&confirm=&ebxPageType=&existingEmail=&isCheckout=&migrateVisitor=&searchname=&attributestring=&fstype=&fromwl=,ebay_18.png,"Dear Customer,

We noticed a new sign-in to your Ebay account from a device we don't recognize. Confirm it was you.

Thank you,
Ebay Customer Service"
ebay,,https://signin.ebay.com/ws/eBayISAPI.dll?SignIn&co_partnerId=2&pUserId=&siteid=0&pageType=&pa1=&i1=&bshowgif=&UsingSSL=&ru=&pp=&pa2=&errmsg=&runame=&ruparams=&ruproduct=&sid=&onepagereg=&sessid=&favoritenav=&confirm=&ebxPageType=&existingEmail=&isCheckout=&migrateVisitor=&searchname=&attributestring=&fstype=&fromwl=,ebay_19.png,"Dear Ronnie Smith,

An email update request was submitted for your Ebay account. Confirm if this was you.

Sincerely,
Ebay Support"
ebay,,https://signin.ebay.com/ws/eBayISAPI.dll?SignIn&co_partnerId=2&pUserId=&siteid=0&pageType=&pa1=&i1=&bshowgif=&UsingSSL=&ru=&pp=&pa2=&errmsg=&runame=&ruparams=&ruproduct=&sid=&onepagereg=&sessid=&favoritenav=&confirm=&ebxPageType=&existingEmail=&isCheckout=&migrateVisitor=&searchname=&attributestring=&fstype=&fromwl=,ebay_2.png,"Dear Bill Thomas,

Your transaction was processed successfully. Log in to your account for more information.

Sincerely,
Ebay Support"
ebay,,https://signin.ebay.com/ws/eBayISAPI.dll?SignIn&co_partnerId=2&pUserId=&siteid=0&pageType=&pa1=&i1=&bshowgif=&UsingSSL=&ru=&pp=&pa2=&errmsg=&runame=&ruparams=&ruproduct=&sid=&onepagereg=&sessid=&favoritenav=&confirm=&ebxPageType=&existingEmail=&isCheckout=&migrateVisitor=&searchname=&attributestring=&fstype=&fromwl=,ebay_20.png,"Dear Customer,

Unusual activity was detected on your Ebay account. Kindly sign in to check your latest transactions.

Thank you,
Ebay Customer Service"
ebay,,https://signin.ebay.com/ws/eBayISAPI.dll?SignIn&co_partnerId=2&pUserId=&siteid=0&pageType=&pa1=&i1=&bshowgif=&UsingSSL=&ru=&pp=&pa2=&errmsg=&runame=&ruparams=&ruproduct=&sid=&onepagereg=&sessid=&favoritenav=&confirm=&ebxPageType=&existingEmail=&isCheckout=&migrateVisitor=&searchname=&attributestring=&fstype=&fromwl=,ebay_21.png,"Dear Jennifer Hull,

We detected a new device login to your Ebay account. Confirm it was you by reviewing the activity log.

Best regards,
Ebay Security Team"
ebay,,https://signin.ebay.com/ws/eBayISAPI.dll?SignIn&co_partnerId=2&pUserId=&siteid=0&pageType=&pa1=&i1=&bshowgif=&UsingSSL=&ru=&pp=&pa2=&errmsg=&runame=&ruparams=&ruproduct=&sid=&onepagereg=&sessid=&favoritenav=&confirm=&ebxPageType=&existingEmail=&isCheckout=&migrateVisitor=&searchname=&attributestring=&fstype=&fromwl=,ebay_22.png,"Dear Stephanie Russell,

A new device logged into your Ebay account. Check your activity log to confirm.

Sincerely,
Ebay Support"
ebay,,https://signin.ebay.com/ws/eBayISAPI.dll?SignIn&co_partnerId=2&pUserId=&siteid=0&pageType=&pa1=&i1=&bshowgif=&UsingSSL=&ru=&pp=&pa2=&errmsg=&runame=&ruparams=&ruproduct=&sid=&onepagereg=&sessid=&favoritenav=&confirm=&ebxPageType=&existingEmail=&isCheckout=&migrateVisitor=&searchname=&attributestring=&fstype=&fromwl=,ebay_23.png,"Dear Customer,

We’ve processed your refund. View the details in your Ebay account.

Sincerely,
Ebay Support"
ebay,,https://signin.ebay.com/ws/eBayISAPI.dll?SignIn&co_partnerId=2&pUserId=&siteid=0&pageType=&pa1=&i1=&bshowgif=&UsingSSL=&ru=&pp=&pa2=&errmsg=&runame=&ruparams=&ruproduct=&sid=&onepagereg=&sessid=&favoritenav=&confirm=&ebxPageType=&existingEmail=&isCheckout=&migrateVisitor=&searchname=&attributestring=&fstype=&fromwl=,ebay_24.png,"Dear Cody Hoffman,

Your account has been temporarily locked due to multiple failed login attempts. Please log in to verify your identity.

Sincerely,
Ebay Support"
ebay,,https://signin.ebay.com/ws/eBayISAPI.dll?SignIn&co_partnerId=2&pUserId=&siteid=0&pageType=&pa1=&i1=&bshowgif=&UsingSSL=&ru=&pp=&pa2=&errmsg=&runame=&ruparams=&ruproduct=&sid=&onepagereg=&sessid=&favoritenav=&confirm=&ebxPageType=&existingEmail=&isCheckout=&migrateVisitor=&searchname=&attributestring=&fstype=&fromwl=,ebay_25.png,"Dear Antonio Boyd,

A new device accessed your Ebay account. Verify if this activity was authorized.

Sincerely,
Ebay Support"
ebay,,https://signin.ebay.com/ws/eBayISAPI.dll?SignIn&co_partnerId=2&pUserId=&siteid=0&pageType=&pa1=&i1=&bshowgif=&UsingSSL=&ru=&pp=&pa2=&errmsg=&runame=&ruparams=&ruproduct=&sid=&onepagereg=&sessid=&favoritenav=&confirm=&ebxPageType=&existingEmail=&isCheckout=&migrateVisitor=&searchname=&attributestring=&fstype=&fromwl=,ebay_26.png,"Dear Donald Lewis,

Welcome to Ebay! Confirm your email address to finish setting up your account.

Thank you,
Ebay Customer Service

Help & Contact: support@Ebay.com
Security Apps: Download our latest app
Hash: 486275"
ebay,,https://signin.ebay.com/ws/eBayISAPI.dll?SignIn&co_partnerId=2&pUserId=&siteid=0&pageType=&pa1=&i1=&bshowgif=&UsingSSL=&ru=&pp=&pa2=&errmsg=&runame=&ruparams=&ruproduct=&sid=&onepagereg=&sessid=&favoritenav=&confirm=&ebxPageType=&existingEmail=&isCheckout=&migrateVisitor=&searchname=&attributestring=&fstype=&fromwl=,ebay_27.png,"Dear Julie Byrd,

Someone attempted to sign into your Ebay account. If you recognize this, you can ignore this message. Otherwise, secure your account immediately.

Thank you,
Ebay Customer Service"
ebay,,https://signin.ebay.com/ws/eBayISAPI.dll?SignIn&co_partnerId=2&pUserId=&siteid=0&pageType=&pa1=&i1=&bshowgif=&UsingSSL=&ru=&pp=&pa2=&errmsg=&runame=&ruparams=&ruproduct=&sid=&onepagereg=&sessid=&favoritenav=&confirm=&ebxPageType=&existingEmail=&isCheckout=&migrateVisitor=&searchname=&attributestring=&fstype=&fromwl=,ebay_28.png,"Dear Amy Garcia,

Your order has been shipped. Track your package for the latest updates.

Best regards,
Ebay Security Team"
ebay,,https://signin.ebay.com/ws/eBayISAPI.dll?SignIn&co_partnerId=2&pUserId=&siteid=0&pageType=&pa1=&i1=&bshowgif=&UsingSSL=&ru=&pp=&pa2=&errmsg=&runame=&ruparams=&ruproduct=&sid=&onepagereg=&sessid=&favoritenav=&confirm=&ebxPageType=&existingEmail=&isCheckout=&migrateVisitor=&searchname=&attributestring=&fstype=&fromwl=,ebay_29.png,"Dear Jennifer Villanueva,

We require you to update your login credentials. Use the link provided below to proceed.

Thank you,
Ebay Customer Service"
ebay,,https://signin.ebay.com/ws/eBayISAPI.dll?SignIn&co_partnerId=2&pUserId=&siteid=0&pageType=&pa1=&i1=&bshowgif=&UsingSSL=&ru=&pp=&pa2=&errmsg=&runame=&ruparams=&ruproduct=&sid=&onepagereg=&sessid=&favoritenav=&confirm=&ebxPageType=&existingEmail=&isCheckout=&migrateVisitor=&searchname=&attributestring=&fstype=&fromwl=,ebay_3.png,"Dear Matthew Sanders,

A password reset for your Ebay account was initiated but not finished. If this wasn’t you, contact support.

Thank you,
Ebay Customer Service"
ebay,,https://signin.ebay.com/ws/eBayISAPI.dll?SignIn&co_partnerId=2&pUserId=&siteid=0&pageType=&pa1=&i1=&bshowgif=&UsingSSL=&ru=&pp=&pa2=&errmsg=&runame=&ruparams=&ruproduct=&sid=&onepagereg=&sessid=&favoritenav=&confirm=&ebxPageType=&existingEmail=&isCheckout=&migrateVisitor=&searchname=&attributestring=&fstype=&fromwl=,ebay_30.png,"Dear Leslie Fitzpatrick,

Your account information needs to be updated. Click the link below to update your login credentials.

Sincerely,
Ebay Support"
ebay,,https://signin.ebay.com/ws/eBayISAPI.dll?SignIn&co_partnerId=2&pUserId=&siteid=0&pageType=&pa1=&i1=&bshowgif=&UsingSSL=&ru=&pp=&pa2=&errmsg=&runame=&ruparams=&ruproduct=&sid=&onepagereg=&sessid=&favoritenav=&confirm=&ebxPageType=&existingEmail=&isCheckout=&migrateVisitor=&searchname=&attributestring=&fstype=&fromwl=,ebay_31.png,"Dear Seth Ward,

A password reset was requested but not completed. Contact support if this was not you.

Thank you,
Ebay Customer Service"
ebay,,https://signin.ebay.com/ws/eBayISAPI.dll?SignIn&co_partnerId=2&pUserId=&siteid=0&pageType=&pa1=&i1=&bshowgif=&UsingSSL=&ru=&pp=&pa2=&errmsg=&runame=&ruparams=&ruproduct=&sid=&onepagereg=&sessid=&favoritenav=&confirm=&ebxPageType=&existingEmail=&isCheckout=&migrateVisitor=&searchname=&attributestring=&fstype=&fromwl=,ebay_4.png,"Dear Kevin Williams,

Your refund has been processed. Check your account for the details.

Sincerely,
Ebay Support"
ebay,,https://signin.ebay.com/ws/eBayISAPI.dll?SignIn&co_partnerId=2&pUserId=&siteid=0&pageType=&pa1=&i1=&bshowgif=&UsingSSL=&ru=&pp=&pa2=&errmsg=&runame=&ruparams=&ruproduct=&sid=&onepagereg=&sessid=&favoritenav=&confirm=&ebxPageType=&existingEmail=&isCheckout=&migrateVisitor=&searchname=&attributestring=&fstype=&fromwl=,ebay_5.png,"Dear Customer,

Payment confirmation: Your recent transaction has been successfully processed. Check your account for details.

Sincerely,
Ebay Support"
ebay,,https://signin.ebay.com/ws/eBayISAPI.dll?SignIn&co_partnerId=2&pUserId=&siteid=0&pageType=&pa1=&i1=&bshowgif=&UsingSSL=&ru=&pp=&pa2=&errmsg=&runame=&ruparams=&ruproduct=&sid=&onepagereg=&sessid=&favoritenav=&confirm=&ebxPageType=&existingEmail=&isCheckout=&migrateVisitor=&searchname=&attributestring=&fstype=&fromwl=,ebay_6.png,"Dear Cody Hoffman,

We noticed unusual activity on your Ebay account. Please log in to review your recent transactions.

Best regards,
Ebay Security Team"
ebay,,https://signin.ebay.com/ws/eBayISAPI.dll?SignIn&co_partnerId=2&pUserId=&siteid=0&pageType=&pa1=&i1=&bshowgif=&UsingSSL=&ru=&pp=&pa2=&errmsg=&runame=&ruparams=&ruproduct=&sid=&onepagereg=&sessid=&favoritenav=&confirm=&ebxPageType=&existingEmail=&isCheckout=&migrateVisitor=&searchname=&attributestring=&fstype=&fromwl=,ebay_7.png,"Dear Glen Gibson,

A request to update your email address was received for your Ebay account. Was this you?

Best regards,
Ebay Security Team"
ebay,,https://signin.ebay.com/ws/eBayISAPI.dll?SignIn&co_partnerId=2&pUserId=&siteid=0&pageType=&pa1=&i1=&bshowgif=&UsingSSL=&ru=&pp=&pa2=&errmsg=&runame=&ruparams=&ruproduct=&sid=&onepagereg=&sessid=&favoritenav=&confirm=&ebxPageType=&existingEmail=&isCheckout=&migrateVisitor=&searchname=&attributestring=&fstype=&fromwl=,ebay_8.png,"Dear Barbara Hood,

Your account preferences have been updated successfully. Log in to review these changes.

Sincerely,
Ebay Support"
maybank,,http://www.maybank2u.com/secured/html/demo/firstlogin3.html,maybank_1.png,"Dear Brandy Harris,

Your account information needs to be updated. Click the link below to update your login credentials.

Best regards,
Maybank Security Team"
maybank,,http://www.maybank2u.com/secured/html/demo/firstlogin3.html,maybank_2.png,"Dear Ann Marquez,

A password reset for your Maybank account was initiated but not finished. If this wasn’t you, contact support.

Sincerely,
Maybank Support"
maybank,,http://www.maybank2u.com/secured/html/demo/firstlogin3.html,maybank_3.png,"Dear Customer,

We have a question regarding a recent transaction. Please contact our support team at your earliest convenience.

Sincerely,
Maybank Support"
maybank,,http://www.maybank2u.com/secured/html/demo/firstlogin3.html,maybank_4.png,"Dear Linda Maxwell,

We received a request to reset your password. Click the link below if this was you.

Thank you,
Maybank Customer Service"
natwest,,http://www.natwest.com/,natwest_1.png,"Dear Jenny Brown,

A payment was processed via Natwest at [random location]. Log in to check your account activity.

Sincerely,
Natwest Support"
natwest,,http://www.natwest.com/,natwest_10.png,"Dear Manuel Martin,

We suspect unauthorized access to your Natwest account. Take steps now to secure it.

Best regards,
Natwest Security Team"
natwest,,http://www.natwest.com/,natwest_2.png,"Dear Lisa Perry,

A new device has been added to your Natwest account. Review your preferences to ensure everything is set up properly.

Best regards,
Natwest Security Team"
natwest,,http://www.natwest.com/,natwest_3.png,"Dear Cristina Rosario,

A password reset for your Natwest account was initiated but not finished. If this wasn’t you, contact support.

Best regards,
Natwest Security Team"
natwest,,http://www.natwest.com/,natwest_4.png,"Dear Danielle Bauer,

A password reset was requested but not completed. Contact support if this was not you.

Sincerely,
Natwest Support"
natwest,,http://www.natwest.com/,natwest_5.png,"Dear Donald Meyer,

Your account information needs to be updated. Click the link below to update your login credentials.

Best regards,
Natwest Security Team"
natwest,,http://www.natwest.com/,natwest_6.png,"Dear Christopher Cantrell,

Unusual activity was detected on your Natwest account. Kindly sign in to check your latest transactions.

Best regards,
Natwest Security Team"
natwest,,http://www.natwest.com/,natwest_7.png,"Dear Antonio Stevens,

Someone attempted to sign into your Natwest account. If you recognize this, you can ignore this message. Otherwise, secure your account immediately.

Thank you,
Natwest Customer Service"
natwest,,http://www.natwest.com/,natwest_8.png,"Dear Brandon French,

Your account has been temporarily locked due to multiple failed login attempts. Please log in to verify your identity.

Sincerely,
Natwest Support"
natwest,,http://www.natwest.com/,natwest_9.png,"Dear Crystal Santos,

We have a question regarding a recent transaction. Please contact our support team at your earliest convenience.

Sincerely,
Natwest Support"
paypal,,http://www.paypal.com,paypal_1.png,"Dear Carolyn Lawson,

There’s a query regarding your recent transaction. Contact our support team for clarification.

Sincerely,
Paypal Support"
paypal,,http://www.paypal.com,paypal_10.png,"Dear Brandon Hernandez,

A password reset for your Paypal account was initiated but not finished. If this wasn’t you, contact support.

Thank you,
Paypal Customer Service"
paypal,,http://www.paypal.com,paypal_100.png,"Dear Customer,

We suspect unauthorized access to your Paypal account. Take steps now to secure it.

Best regards,
Paypal Security Team"
paypal,,http://www.paypal.com,paypal_101.png,"Dear Valerie Powell,<br><br>Your Paypal account was accessed from an unknown location. Please confirm your identity to continue.<br><br>Sincerely,<br>Paypal Support"
paypal,,http://www.paypal.com,paypal_102.png,"Dear Nicole Estes,

We have a question regarding a recent transaction. Please contact our support team at your earliest convenience.

Thank you,
Paypal Customer Service"
paypal,,http://www.paypal.com,paypal_103.png,"Dear David Smith,

We’ve noticed a large withdrawal from your account. Contact us immediately if this wasn’t you.

Best regards,
Paypal Security Team

Help & Contact: support@Paypal.com
Security Apps: Download our latest app
Hash: 124829"
paypal,,http://www.paypal.com,paypal_104.png,"Dear Betty Wallace,

Thank you for your purchase! Access your Paypal account to view your receipt.

Thank you,
Paypal Customer Service"
paypal,,http://www.paypal.com,paypal_105.png,"Dear Customer,

Your Paypal transaction at [random location] was successful. Review your recent transactions.

Sincerely,
Paypal Support"
paypal,,http://www.paypal.com,paypal_106.png,"Dear Felicia Weber,

Check your latest transactions to view your current Paypal account balance.

Thank you,
Paypal Customer Service"
paypal,,http://www.paypal.com,paypal_107.png,"Dear Barbara Velez,

We’re performing scheduled maintenance on Paypal services. Update your account details if necessary.

Sincerely,
Paypal Support"
paypal,,http://www.paypal.com,paypal_108.png,"Dear Mckenzie Sims,

Your account balance update: Review your latest transactions to stay informed.

Thank you,
Paypal Customer Service"
paypal,,http://www.paypal.com,paypal_109.png,"Dear Glenn Robinson,<br><br>Scheduled maintenance is planned for Paypal services. Ensure your account details are up to date.<br><br>Best regards,<br>Paypal Security Team"
paypal,,http://www.paypal.com,paypal_11.png,"Dear Jerry Knapp,

Someone attempted to sign into your Paypal account. If you recognize this, you can ignore this message. Otherwise, secure your account immediately.

Best regards,
Paypal Security Team"
paypal,,http://www.paypal.com,paypal_110.png,"Dear Stacy Larsen,<br><br>Your invoice for this month is available in your Paypal account. Log in to review it.<br><br>Thank you,<br>Paypal Customer Service"
paypal,,http://www.paypal.com,paypal_111.png,"Dear Dawn Guzman,

Multiple failed login attempts have locked your account. Sign in to confirm your identity.

Thank you,
Paypal Customer Service"
paypal,,http://www.paypal.com,paypal_112.png,"Dear Customer,

Your account preferences have been updated successfully. Log in to review these changes.

Best regards,
Paypal Security Team"
paypal,,http://www.paypal.com,paypal_113.png,"Dear Julie Byrd,

Your Paypal account has been flagged for potential unauthorized access. Secure it immediately.

Best regards,
Paypal Security Team"
paypal,,http://www.paypal.com,paypal_114.png,"Dear Brenda Beck,

We’ve identified an issue with your Paypal account. Take action now to ensure uninterrupted access.

Thank you,
Paypal Customer Service"
paypal,,http://www.paypal.com,paypal_115.png,"Dear Customer,

A new device logged into your Paypal account. Check your activity log to confirm.

Thank you,
Paypal Customer Service"
paypal,,http://www.paypal.com,paypal_116.png,"Dear Kristen Caldwell,

We noticed a new sign-in to your Paypal account from a device we don't recognize. Confirm it was you.

Thank you,
Paypal Customer Service"
paypal,,http://www.paypal.com,paypal_117.png,"Dear Gabriel Fox,

We require you to update your login credentials. Use the link provided below to proceed.

Sincerely,
Paypal Support"
paypal,,http://www.paypal.com,paypal_118.png,"Dear Alex Hunt,

Thank you for using Paypal. Please confirm your email address to complete your account setup.

Sincerely,
Paypal Support"
paypal,,http://www.paypal.com,paypal_119.png,"Dear Customer,

Welcome to Paypal! Confirm your email address to finish setting up your account.

Sincerely,
Paypal Support

Help & Contact: support@Paypal.com
Security Apps: Download our latest app
Hash: 391343"
paypal,,http://www.paypal.com,paypal_12.png,"Dear Dr. Emma Kidd,

A payment was processed via Paypal at [random location]. Log in to check your account activity.

Best regards,
Paypal Security Team

Help & Contact: support@Paypal.com
Security Apps: Download our latest app
Hash: 210290"
paypal,,http://www.paypal.com,paypal_120.png,"Dear Kristi Johnson,

A new device accessed your Paypal account. Verify if this activity was authorized.

Sincerely,
Paypal Support"
paypal,,http://www.paypal.com,paypal_121.png,"Dear Michael Davis,

We updated your account preferences. Log into your Paypal account to review them.

Thank you,
Paypal Customer Service"
paypal,,http://www.paypal.com,paypal_122.png,"Dear Customer,<br><br>Important account notice: Action is required to continue using your Paypal account without interruptions.<br><br>Thank you,<br>Paypal Customer Service"
paypal,,http://www.paypal.com,paypal_123.png,"Dear Heather Johnson,

Unusual activity was detected on your Paypal account. Kindly sign in to check your latest transactions.

Best regards,
Paypal Security Team"
paypal,,http://www.paypal.com,paypal_124.png,"Dear Jamie Hamilton,

A password reset request was made for your Paypal account. If this was you, click below to reset your password.

Best regards,
Paypal Security Team"
paypal,,http://www.paypal.com,paypal_125.png,"Dear Michael Henderson,<br><br>We received a request to reset your password. Click the link below if this was you.<br><br>Sincerely,<br>Paypal Support"
paypal,,http://www.paypal.com,paypal_126.png,"Dear Robyn Phillips,

We detected a new device login to your Paypal account. Confirm it was you by reviewing the activity log.

Sincerely,
Paypal Support"
paypal,,http://www.paypal.com,paypal_127.png,"Dear Amanda Terry,

An email update request was submitted for your Paypal account. Confirm if this was you.

Sincerely,
Paypal Support"
paypal,,http://www.paypal.com,paypal_128.png,"Dear Joan Kelley,

Your transaction was processed successfully. Log in to your account for more information.

Thank you,
Paypal Customer Service"
paypal,,http://www.paypal.com,paypal_129.png,"Dear Kimberly Myers,

Your monthly invoice from Paypal is ready. Review it in your account portal.

Sincerely,
Paypal Support"
paypal,,http://www.paypal.com,paypal_13.png,"Dear Shirley Rivera,

A large withdrawal was made from your account. Contact us immediately if this was unauthorized.

Thank you,
Paypal Customer Service"
paypal,,http://www.paypal.com,paypal_130.png,"Dear Manuel Martin,

Your account has been temporarily locked due to multiple failed login attempts. Please log in to verify your identity.

Thank you,
Paypal Customer Service"
paypal,,http://www.paypal.com,paypal_131.png,"Dear Grace Sims,

Your new device was registered successfully. Update your preferences or review your account for details.

Sincerely,
Paypal Support

Help & Contact: support@Paypal.com
Security Apps: Download our latest app
Hash: 855092"
paypal,,http://www.paypal.com,paypal_132.png,"Dear Samantha Abbott,

A sign-in attempt was made using your Paypal account. If this was you, no action is needed. Otherwise, secure your account.

Best regards,
Paypal Security Team"
paypal,,http://www.paypal.com,paypal_133.png,"Dear Annette Stevenson,

Unusual login attempt detected: Your account was accessed from a new location. Verify your identity to proceed.

Thank you,
Paypal Customer Service"
paypal,,http://www.paypal.com,paypal_134.png,"Dear Julie Byrd,

Your account information needs to be updated. Click the link below to update your login credentials.

Sincerely,
Paypal Support"
paypal,,http://www.paypal.com,paypal_135.png,"Dear Olivia Brady,

A new device has been added to your Paypal account. Review your preferences to ensure everything is set up properly.

Sincerely,
Paypal Support"
paypal,,http://www.paypal.com,paypal_136.png,"Dear Customer,

A request to update your email address was received for your Paypal account. Was this you?

Best regards,
Paypal Security Team"
paypal,,http://www.paypal.com,paypal_137.png,"Dear Lynn Johnson,

Your recent purchase from Paypal has been processed. View your receipt in your account.

Sincerely,
Paypal Support"
paypal,,http://www.paypal.com,paypal_138.png,"Dear Jonathan Palmer MD,<br><br>We noticed unusual activity on your Paypal account. Please log in to review your recent transactions.<br><br>Best regards,<br>Paypal Security Team"
paypal,,http://www.paypal.com,paypal_139.png,"Dear Natalie Mcdonald,

Payment confirmation: Your recent transaction has been successfully processed. Check your account for details.

Sincerely,
Paypal Support"
paypal,,http://www.paypal.com,paypal_14.png,"Dear Christopher Best,

A password reset was requested but not completed. Contact support if this was not you.

Best regards,
Paypal Security Team"
rbs,,http://www.rbs.co.uk:80/cardservices/login,rbs_1.png,"Dear Brandon Nicholson,

We’ve noticed a large withdrawal from your account. Contact us immediately if this wasn’t you.

Sincerely,
Rbs Support"
rbs,,http://www.rbs.co.uk:80/cardservices/login,rbs_2.png,"Dear Danielle Hutchinson,

Your Girocard is on its way. Activate it as soon as you receive it.

Thank you,
Rbs Customer Service"
rbs,,http://www.rbs.co.uk:80/cardservices/login,rbs_3.png,"Dear Robert Palmer,

We received a request to reset your password. Click the link below if this was you.

Sincerely,
Rbs Support"
sears,,http://www.citibank.com/us/cards/srs/index.jsp,sears_1.png,"Dear Joshua Daniels,

Your Sears transaction at [random location] was successful. Review your recent transactions.

Sincerely,
Sears Support"
sears,,http://www.citibank.com/us/cards/srs/index.jsp,sears_10.png,"Dear Matthew Davis,

A new device logged into your Sears account. Check your activity log to confirm.

Best regards,
Sears Security Team"
sears,,http://www.citibank.com/us/cards/srs/index.jsp,sears_11.png,"Dear Jordan Russo,

Your account has been temporarily locked due to multiple failed login attempts. Please log in to verify your identity.

Thank you,
Sears Customer Service"
sears,,http://www.citibank.com/us/cards/srs/index.jsp,sears_12.png,"Dear Customer,

Multiple failed login attempts have locked your account. Sign in to confirm your identity.

Sincerely,
Sears Support"
sears,,http://www.citibank.com/us/cards/srs/index.jsp,sears_13.png,"Dear April Watson,<br><br>A new device has been added to your Sears account. Review your preferences to ensure everything is set up properly.<br><br>Sincerely,<br>Sears Support"
sears,,http://www.citibank.com/us/cards/srs/index.jsp,sears_14.png,"Dear Barbara Hood,

We’re performing scheduled maintenance on Sears services. Update your account details if necessary.

Sincerely,
Sears Support"
sears,,http://www.citibank.com/us/cards/srs/index.jsp,sears_15.png,"Dear Danielle Hutchinson,

We suspect unauthorized access to your Sears account. Take steps now to secure it.

Best regards,
Sears Security Team"
sears,,http://www.citibank.com/us/cards/srs/index.jsp,sears_16.png,"Dear Brent Jenkins,

Your Sears account was accessed from an unknown location. Please confirm your identity to continue.

Sincerely,
Sears Support

Help & Contact: support@Sears.com
Security Apps: Download our latest app
Hash: 861599"
sears,,http://www.citibank.com/us/cards/srs/index.jsp,sears_17.png,"Dear Customer,<br><br>We received a request to reset your password. Click the link below if this was you.<br><br>Thank you,<br>Sears Customer Service"
sears,,http://www.citibank.com/us/cards/srs/index.jsp,sears_18.png,"Dear Customer,

We detected a new device login to your Sears account. Confirm it was you by reviewing the activity log.

Best regards,
Sears Security Team"
sears,,http://www.citibank.com/us/cards/srs/index.jsp,sears_19.png,"Dear Matthew Santiago,

A password reset for your Sears account was initiated but not finished. If this wasn’t you, contact support.

Thank you,
Sears Customer Service"
sears,,http://www.citibank.com/us/cards/srs/index.jsp,sears_2.png,"Dear Customer,

Check your latest transactions to view your current Sears account balance.

Sincerely,
Sears Support"
sears,,http://www.citibank.com/us/cards/srs/index.jsp,sears_20.png,"Dear William Williams,

We require you to update your login credentials. Use the link provided below to proceed.

Thank you,
Sears Customer Service"
sears,,http://www.citibank.com/us/cards/srs/index.jsp,sears_21.png,"Dear Customer,

Your transaction was processed successfully. Log in to your account for more information.

Best regards,
Sears Security Team"
sears,,http://www.citibank.com/us/cards/srs/index.jsp,sears_22.png,"Dear Jennifer Marsh,

An email update request was submitted for your Sears account. Confirm if this was you.

Best regards,
Sears Security Team"
sears,,http://www.citibank.com/us/cards/srs/index.jsp,sears_23.png,"Dear Lynn Johnson,

Unusual activity was detected on your Sears account. Kindly sign in to check your latest transactions.

Thank you,
Sears Customer Service"
sears,,http://www.citibank.com/us/cards/srs/index.jsp,sears_24.png,"Dear Kevin Whitehead,

Your Girocard is on its way. Activate it as soon as you receive it.

Sincerely,
Sears Support"
sears,,http://www.citibank.com/us/cards/srs/index.jsp,sears_25.png,"Dear Danielle Hutchinson,

A payment was processed via Sears at [random location]. Log in to check your account activity.

Sincerely,
Sears Support

Help & Contact: support@Sears.com
Security Apps: Download our latest app
Hash: 616724"
sears,,http://www.citibank.com/us/cards/srs/index.jsp,sears_26.png,"Dear Ashlee Mccann,

Your Sears account has been flagged for potential unauthorized access. Secure it immediately.

Sincerely,
Sears Support"
sears,,http://www.citibank.com/us/cards/srs/index.jsp,sears_27.png,"Dear Charlene Thompson,<br><br>Your invoice for this month is available in your Sears account. Log in to review it.<br><br>Best regards,<br>Sears Security Team"
sears,,http://www.citibank.com/us/cards/srs/index.jsp,sears_28.png,"Dear Todd Williams,

A new device accessed your Sears account. Verify if this activity was authorized.

Sincerely,
Sears Support"
sears,,http://www.citibank.com/us/cards/srs/index.jsp,sears_29.png,"Dear Customer,

Someone attempted to sign into your Sears account. If you recognize this, you can ignore this message. Otherwise, secure your account immediately.

Thank you,
Sears Customer Service"
sears,,http://www.citibank.com/us/cards/srs/index.jsp,sears_3.png,"Dear Timothy Baird,

Your new device was registered successfully. Update your preferences or review your account for details.

Best regards,
Sears Security Team"
sears,,http://www.citibank.com/us/cards/srs/index.jsp,sears_30.png,"Dear Gabriel Fox,

There’s a query regarding your recent transaction. Contact our support team for clarification.

Sincerely,
Sears Support"
sears,,http://www.citibank.com/us/cards/srs/index.jsp,sears_31.png,"Dear David Simmons,

We’ve processed your refund. View the details in your Sears account.

Thank you,
Sears Customer Service"
sears,,http://www.citibank.com/us/cards/srs/index.jsp,sears_4.png,"Dear Jerry Knapp,

Your account balance update: Review your latest transactions to stay informed.

Sincerely,
Sears Support"
sears,,http://www.citibank.com/us/cards/srs/index.jsp,sears_5.png,"Dear Seth Ortiz,

We noticed a new sign-in to your Sears account from a device we don't recognize. Confirm it was you.

Best regards,
Sears Security Team"
sears,,http://www.citibank.com/us/cards/srs/index.jsp,sears_6.png,"Dear Customer,

We noticed unusual activity on your Sears account. Please log in to review your recent transactions.

Sincerely,
Sears Support"
sears,,http://www.citibank.com/us/cards/srs/index.jsp,sears_7.png,"Dear Angela Hardy,

A password reset was requested but not completed. Contact support if this was not you.

Thank you,
Sears Customer Service"
sears,,http://www.citibank.com/us/cards/srs/index.jsp,sears_8.png,"Dear Michael Henderson,

Thank you for your purchase! Access your Sears account to view your receipt.

Best regards,
Sears Security Team

Help & Contact: support@Sears.com
Security Apps: Download our latest app
Hash: 961662"
sears,,http://www.citibank.com/us/cards/srs/index.jsp,sears_9.png,"Dear Gregory Davenport,

We’ve noticed a large withdrawal from your account. Contact us immediately if this wasn’t you.

Sincerely,
Sears Support"
ybank,,http://www.ybonline.co.uk:80/personal/internet-banking/login/,ybank_1.png,"Dear Cheryl Nelson,

Someone attempted to sign into your Ybank account. If you recognize this, you can ignore this message. Otherwise, secure your account immediately.

Best regards,
Ybank Security Team"
ybank,,http://www.ybonline.co.uk:80/personal/internet-banking/login/,ybank_10.png,"Dear Alan Booker,

Your Girocard is on its way. Activate it as soon as you receive it.

Thank you,
Ybank Customer Service"
ybank,,http://www.ybonline.co.uk:80/personal/internet-banking/login/,ybank_100.png,"Dear Alexander Solis,

Thank you for your purchase! Access your Ybank account to view your receipt.

Thank you,
Ybank Customer Service"
ybank,,http://www.ybonline.co.uk:80/personal/internet-banking/login/,ybank_101.png,"Dear Erika Hill,

Your transaction was processed successfully. Log in to your account for more information.

Thank you,
Ybank Customer Service"
ybank,,http://www.ybonline.co.uk:80/personal/internet-banking/login/,ybank_102.png,"Dear Robert Palmer,

A password reset request was made for your Ybank account. If this was you, click below to reset your password.

Best regards,
Ybank Security Team"
ybank,,http://www.ybonline.co.uk:80/personal/internet-banking/login/,ybank_103.png,"Dear Melissa Johnson,

We’re performing scheduled maintenance on Ybank services. Update your account details if necessary.

Thank you,
Ybank Customer Service"
ybank,,http://www.ybonline.co.uk:80/personal/internet-banking/login/,ybank_104.png,"Dear Victoria Miles,

A password reset for your Ybank account was initiated but not finished. If this wasn’t you, contact support.

Best regards,
Ybank Security Team"
ybank,,http://www.ybonline.co.uk:80/personal/internet-banking/login/,ybank_105.png,"Dear John Hernandez,<br><br>We have a question regarding a recent transaction. Please contact our support team at your earliest convenience.<br><br>Thank you,<br>Ybank Customer Service"
ybank,,http://www.ybonline.co.uk:80/personal/internet-banking/login/,ybank_106.png,"Dear David Jones,

We’ve noticed a large withdrawal from your account. Contact us immediately if this wasn’t you.

Best regards,
Ybank Security Team"
ybank,,http://www.ybonline.co.uk:80/personal/internet-banking/login/,ybank_107.png,"Dear Customer,

Scheduled maintenance is planned for Ybank services. Ensure your account details are up to date.

Sincerely,
Ybank Support

Help & Contact: support@Ybank.com
Security Apps: Download our latest app
Hash: 842891"
ybank,,http://www.ybonline.co.uk:80/personal/internet-banking/login/,ybank_108.png,"Dear Customer,

Unusual activity was detected on your Ybank account. Kindly sign in to check your latest transactions.

Best regards,
Ybank Security Team"
ybank,,http://www.ybonline.co.uk:80/personal/internet-banking/login/,ybank_109.png,"Dear Stacey Davis,

A payment was processed via Ybank at [random location]. Log in to check your account activity.

Thank you,
Ybank Customer Service"
ybank,,http://www.ybonline.co.uk:80/personal/internet-banking/login/,ybank_11.png,"Dear Customer,

We received a request to reset your password. Click the link below if this was you.

Best regards,
Ybank Security Team"
ybank,,http://www.ybonline.co.uk:80/personal/internet-banking/login/,ybank_110.png,"Dear Hunter Moore,

A new device accessed your Ybank account. Verify if this activity was authorized.

Sincerely,
Ybank Support"
ybank,,http://www.ybonline.co.uk:80/personal/internet-banking/login/,ybank_111.png,"Dear Matthew Arellano,

Multiple failed login attempts have locked your account. Sign in to confirm your identity.

Sincerely,
Ybank Support"
ybank,,http://www.ybonline.co.uk:80/personal/internet-banking/login/,ybank_112.png,"Dear Joan Kelley,

We suspect unauthorized access to your Ybank account. Take steps now to secure it.

Best regards,
Ybank Security Team"
ybank,,http://www.ybonline.co.uk:80/personal/internet-banking/login/,ybank_113.png,"Dear Alex Lewis,

A new device has been added to your Ybank account. Review your preferences to ensure everything is set up properly.

Best regards,
Ybank Security Team"
ybank,,http://www.ybonline.co.uk:80/personal/internet-banking/login/,ybank_114.png,"Dear Elizabeth Williams,

There’s a query regarding your recent transaction. Contact our support team for clarification.

Thank you,
Ybank Customer Service"
ybank,,http://www.ybonline.co.uk:80/personal/internet-banking/login/,ybank_115.png,"Dear Anthony Simmons,

Your invoice for this month is available in your Ybank account. Log in to review it.

Sincerely,
Ybank Support"
ybank,,http://www.ybonline.co.uk:80/personal/internet-banking/login/,ybank_116.png,"Dear Shirley Rivera,

A sign-in attempt was made using your Ybank account. If this was you, no action is needed. Otherwise, secure your account.

Thank you,
Ybank Customer Service"
ybank,,http://www.ybonline.co.uk:80/personal/internet-banking/login/,ybank_117.png,"Dear Alexander Peterson,

Your refund has been processed. Check your account for the details.

Sincerely,
Ybank Support"
ybank,,http://www.ybonline.co.uk:80/personal/internet-banking/login/,ybank_118.png,"Dear Angela Harris,

Check your latest transactions to view your current Ybank account balance.

Thank you,
Ybank Customer Service"
ybank,,http://www.ybonline.co.uk:80/personal/internet-banking/login/,ybank_119.png,"Dear Rebecca Maxwell,<br><br>Payment confirmation: Your recent transaction has been successfully processed. Check your account for details.<br><br>Thank you,<br>Ybank Customer Service"
ybank,,http://www.ybonline.co.uk:80/personal/internet-banking/login/,ybank_12.png,"Dear Customer,

Your account has been temporarily locked due to multiple failed login attempts. Please log in to verify your identity.

Sincerely,
Ybank Support"
ybank,,http://www.ybonline.co.uk:80/personal/internet-banking/login/,ybank_120.png,"Dear Customer,

A new device logged into your Ybank account. Check your activity log to confirm.

Thank you,
Ybank Customer Service"
ybank,,http://www.ybonline.co.uk:80/personal/internet-banking/login/,ybank_121.png,"Dear Customer,

A request to update your email address was received for your Ybank account. Was this you?

Thank you,
Ybank Customer Service"
ybank,,http://www.ybonline.co.uk:80/personal/internet-banking/login/,ybank_122.png,"Dear Shirley Rivera,

Your Ybank transaction at [random location] was successful. Review your recent transactions.

Sincerely,
Ybank Support"
ybank,,http://www.ybonline.co.uk:80/personal/internet-banking/login/,ybank_123.png,"Dear Cheryl Wheeler,

An email update request was submitted for your Ybank account. Confirm if this was you.

Sincerely,
Ybank Support"
ybank,,http://www.ybonline.co.uk:80/personal/internet-banking/login/,ybank_124.png,"Dear Amber Mcguire,

We’ve processed your refund. View the details in your Ybank account.

Best regards,
Ybank Security Team"
ybank,,http://www.ybonline.co.uk:80/personal/internet-banking/login/,ybank_125.png,"Dear James Griffin,

We detected a new device login to your Ybank account. Confirm it was you by reviewing the activity log.

Best regards,
Ybank Security Team"
ybank,,http://www.ybonline.co.uk:80/personal/internet-banking/login/,ybank_126.png,"Dear Andrea Phillips,<br><br>Your Ybank account was accessed from an unknown location. Please confirm your identity to continue.<br><br>Thank you,<br>Ybank Customer Service"
ybank,,http://www.ybonline.co.uk:80/personal/internet-banking/login/,ybank_127.png,"Dear Customer,

Your monthly invoice from Ybank is ready. Review it in your account portal.

Best regards,
Ybank Security Team"
ybank,,http://www.ybonline.co.uk:80/personal/internet-banking/login/,ybank_128.png,"Dear Michael Miller,

A large withdrawal was made from your account. Contact us immediately if this was unauthorized.

Best regards,
Ybank Security Team"
ybank,,http://www.ybonline.co.uk:80/personal/internet-banking/login/,ybank_129.png,"Dear Customer,

Your new device was registered successfully. Update your preferences or review your account for details.

Best regards,
Ybank Security Team"
ybank,,http://www.ybonline.co.uk:80/personal/internet-banking/login/,ybank_13.png,"Dear Customer,

We require you to update your login credentials. Use the link provided below to proceed.

Best regards,
Ybank Security Team"
ybank,,http://www.ybonline.co.uk:80/personal/internet-banking/login/,ybank_130.png,"Dear Barbara Brandt,

Your new Girocard has been issued and will arrive shortly. Please activate it upon receipt.

Best regards,
Ybank Security Team"
ybank,,http://www.ybonline.co.uk:80/personal/internet-banking/login/,ybank_131.png,"Dear Daniel Lowe,

Your account information needs to be updated. Click the link below to update your login credentials.

Sincerely,
Ybank Support"
ybank,,http://www.ybonline.co.uk:80/personal/internet-banking/login/,ybank_132.png,"Dear Evan Dalton,

Unusual login attempt detected: Your account was accessed from a new location. Verify your identity to proceed.

Sincerely,
Ybank Support"
ybank,,http://www.ybonline.co.uk:80/personal/internet-banking/login/,ybank_133.png,"Dear Brian Martinez,

Your account balance update: Review your latest transactions to stay informed.

Sincerely,
Ybank Support"
ybank,,http://www.ybonline.co.uk:80/personal/internet-banking/login/,ybank_134.png,"Dear Ross Park,

We noticed a new sign-in to your Ybank account from a device we don't recognize. Confirm it was you.

Best regards,
Ybank Security Team"
ybank,,http://www.ybonline.co.uk:80/personal/internet-banking/login/,ybank_135.png,"Dear Erin Johnston,

Your Ybank account has been flagged for potential unauthorized access. Secure it immediately.

Best regards,
Ybank Security Team"
ybank,,http://www.ybonline.co.uk:80/personal/internet-banking/login/,ybank_136.png,"Dear Angela Riggs,

We noticed unusual activity on your Ybank account. Please log in to review your recent transactions.

Thank you,
Ybank Customer Service"
ybank,,http://www.ybonline.co.uk:80/personal/internet-banking/login/,ybank_137.png,"Dear Erica James,

A password reset was requested but not completed. Contact support if this was not you.

Thank you,
Ybank Customer Service"
ybank,,http://www.ybonline.co.uk:80/personal/internet-banking/login/,ybank_138.png,"Dear Alyssa Preston,

Your recent purchase from Ybank has been processed. View your receipt in your account.

Sincerely,
Ybank Support"
anz,2024,https://www.anz.com.au/personal/,anz1.png,"Dear Customer,

There’s a query regarding your recent transaction. Contact our support team for clarification.

Thank you,
Anz Customer Service"
anz,2024,https://login.anz.com/internetbanking?mboxid=session%235035ed9a518048b999a1e2e294134b38%231731885678&adobe_mc=MCORGID%3D67A216D751E567B20A490D4C%2540AdobeOrg%7CTS%3D1731883818,anz2.png,"Dear Customer,

We’ve noticed a large withdrawal from your account. Contact us immediately if this wasn’t you.

Best regards,
Anz Security Team"
citibank,2024,https://www.citi.com/,citibank1.png,"Dear Richard Mccarthy,

We suspect unauthorized access to your Citibank account. Take steps now to secure it.

Best regards,
Citibank Security Team"
citibank,2024,https://www.citi.com/login,citibank2.png,"Dear Jeffrey Baker,

Your new Girocard has been issued and will arrive shortly. Please activate it upon receipt.

Thank you,
Citibank Customer Service

Help & Contact: support@Citibank.com
Security Apps: Download our latest app
Hash: 426151"
citibank,2024,https://secure.citi.com/siteminderagent/forms/login.fcc?TYPE=33554433&REALMOID=06-000b4adb-d340-1fc6-85a6-ec3fbc5000d2&GUID=&SMAUTHREASON=0&METHOD=GET&SMAGENTNAME=-SM-NslUpnBDx%2bZqkdbmmX0cyKBQ8Xz5npVJDZbrpIeGuceHTczDOIwyKSC17AYUlEnufOlPiCttNS%2bK8Z2ic08qem9B0tWARe4h&TARGET=-SM-%2fbrandcentral%2fsite%2f,citibank3.png,"Dear Customer,

There’s a query regarding your recent transaction. Contact our support team for clarification.

Thank you,
Citibank Customer Service"
citibank,2024,https://online.citi.eu/GBIPB/JSO/signon/flow.action?icid=HP-Head-001,citibank4.png,"Dear Customer,

Unusual activity was detected on your Citibank account. Kindly sign in to check your latest transactions.

Best regards,
Citibank Security Team"
aol,2024,https://login.aol.com/,aol1.png,"Dear Customer,

A new device logged into your Aol account. Check your activity log to confirm.

Best regards,
Aol Security Team"
bmo,2024,https://www1.bmo.com/banking/digital/login?lang=en,bmo1.png,"Dear Customer,

A large withdrawal was made from your account. Contact us immediately if this was unauthorized.

Best regards,
Bmo Security Team

Help & Contact: support@Bmo.com
Security Apps: Download our latest app
Hash: 545287"
netflix,2024,https://www.netflix.com/login,netflix_1.png,"Dear Julie Byrd,

Someone attempted to sign into your Netflix account. If you recognize this, you can ignore this message. Otherwise, secure your account immediately.

Best regards,
Netflix Security Team"
netflix,2024,https://www.netflix.com/login,netflix_2.png,"Dear Russell Martin,

We’ve processed your refund. View the details in your Netflix account.

Thank you,
Netflix Customer Service"
